clean_symbol,token,lotsize,tick_size
BBETF0INAV,10021,1,1.000000
SETF10INAV,10155,1,1.000000
BALKRISHNA,10181,1,1.000000
FINPIPE,1041,1,1.000000
NAVKARCORP,10557,1,1.000000
PNB,10666,1,1.000000
SILVERADD,10761,1,1.000000
MARUTI,10999,1,100.000000
INFOBEAN,11027,1,1.000000
BANKIETF,11037,1,1.000000
CNL,11155,1,5.000000
COFFEEDAY,11165,1,1.000000
JAIBALAJI,11256,1,1.000000
WELSPUNLIV,11253,1,1.000000
HDFCVALUE,11260,1,1.000000
DREDGECORP,11271,1,5.000000
APOLLO,1134,1,1.000000
LICNETFN50,11319,1,1.000000
MAHABANK,11377,1,1.000000
CCL,11452,1,10.000000
EXCELINDUS,11471,1,5.000000
LINCOLN,11596,1,5.000000
KOTARISUG,11647,1,1.000000
XCHANGING,11705,1,1.000000
GRANULES,11872,1,5.000000
FMGOETZE,1190,1,5.000000
DCXINDIA,11895,1,1.000000
GEOJITFSL,11896,1,1.000000
SPLIL,11935,1,1.000000
SYNCOMF,11992,1,1.000000
HDFCPVTBAN,12108,1,1.000000
HNDFDS,12173,1,5.000000
INOXGREEN,12188,1,1.000000
GRASIM,1232,1,10.000000
GREAVESCOT,1235,1,1.000000
GSFC,1247,1,1.000000
ROUTE,128,1,5.000000
DSPQ50INAV,10005,1,1.000000
EBBE30INAV,10016,1,1.000000
SETFNIF50,10176,1,1.000000
CSLFINANCE,10350,1,1.000000
CONS,10512,1,1.000000
SHARDAMOTR,10530,1,5.000000
HDFCNIF100,10633,1,1.000000
FOSECOIND,1073,1,10.000000
OLECTRA,10637,1,5.000000
NOIDATOLL,10786,1,1.000000
RADAAN,10932,1,1.000000
JUNIORBEES,10939,1,1.000000
IDFCFIRSTB,11184,1,1.000000
BAGFILMS,11226,1,1.000000
GHCL,1127,1,5.000000
JSL,11236,1,5.000000
NSIL,11239,1,10.000000
HDFCGROWTH,11241,1,1.000000
GICHSGFIN,1139,1,1.000000
POONAWALLA,11403,1,5.000000
NV20,11457,1,1.000000
GLAXO,1153,1,10.000000
AMBICAAGAR,11496,1,1.000000
WESTLIFE,11580,1,5.000000
GMBREW,1168,1,5.000000
ASTRAMICRO,11618,1,5.000000
ALKEM,11703,1,50.000000
GOYALALUM,11787,1,1.000000
MANINDS,11884,1,5.000000
YESBANK,11915,1,1.000000
HTMEDIA,11979,1,1.000000
GODREJCP,10099,1,5.000000
MOM50INAV,10127,1,1.000000
FEDERALBNK,1023,1,5.000000
AYMSYNTEX,10285,1,1.000000
UNITDSPR,10447,1,10.000000
HDF100INAV,10583,1,1.000000
OFSS,10738,1,50.000000
UNIONBANK,10753,1,1.000000
MOQUALITY,10822,1,1.000000
GVPTECH,10865,1,1.000000
TMB,10945,1,5.000000
RADICO,10990,1,10.000000
DCMNVL,11039,1,1.000000
KSOLVES,11060,1,1.000000
HARSHA,11162,1,5.000000
INDIGO,11195,1,10.000000
PTC,11355,1,1.000000
PVTBANIETF,11386,1,1.000000
RKFORGE,11411,1,5.000000
KRIDHANINF,11480,1,1.000000
LT,11483,1,10.000000
GULFPETRO,11581,1,1.000000
HDFCNIFTY,11591,1,1.000000
WELENT,11626,1,5.000000
INDOCO,11677,1,1.000000
ACEINTEG,11779,1,1.000000
EVEREADY,11782,1,5.000000
SUKHJITS,11804,1,1.000000
CYBERMEDIA,11842,1,1.000000
SURYALAXMI,11852,1,1.000000
KANSAINER,1196,1,1.000000
GENUSPOWER,11905,1,1.000000
ESG,1200,1,1.000000
PRAXIS,1204,1,1.000000
SUZLON,12018,1,1.000000
DELTAMAGNT,1214,1,1.000000
MBAPL,12686,1,5.000000
AMBUJACEM,1270,1,5.000000
V1NSETEST,12863,1,5.000000
NAHARINDUS,13106,1,1.000000
KERNEX,13121,1,5.000000
GSPL,13197,1,1.000000
JAGRAN,13211,1,1.000000
JKCEMENT,13270,1,50.000000
CENTURYPLY,13305,1,5.000000
KEI,13310,1,10.000000
GPIL,13409,1,5.000000
KAMDHENU,13457,1,1.000000
HEROMOTOCO,1348,1,50.000000
EMAMILTD,13517,1,5.000000
ATLANTAA,13585,1,1.000000
SKYGOLD,13631,1,5.000000
BAIDFIN,13794,1,1.000000
GREENPANEL,13810,1,1.000000
SOBHA,13826,1,10.000000
VENUSREM,13859,1,5.000000
KUANTUM,13870,1,1.000000
LIQUID1,13950,1,1.000000
AVTNPL,14008,1,1.000000
SIYSIL,14096,1,5.000000
TIMKEN,14198,1,10.000000
HDFCMID150,14236,1,1.000000
TVSSRICHAK,14245,1,10.000000
PFC,14299,1,5.000000
ABSLLIQUID,14518,1,1.000000
AROGRANITE,14557,1,1.000000
INSECTICID,14657,1,5.000000
TIMETECHNO,14707,1,1.000000
IDBI,1476,1,1.000000
151NSETEST,14782,1,5.000000
ADSL,14813,1,1.000000
OMAXE,14853,1,1.000000
ASIANTILES,14889,1,1.000000
GSEC10YEAR,14938,1,1.000000
KSCL,14972,1,5.000000
ADANIPORTS,15083,1,10.000000
MANAKSIA,15199,1,1.000000
ATAM,15404,1,1.000000
TITAGARH,15414,1,5.000000
DPSCLTD,15419,1,1.000000
LATTEYS,15840,1,1.000000
PARAGMILK,17130,1,1.000000
PAKKA,17197,1,1.000000
ASPINWALL,17270,1,1.000000
SETFGOLD,17272,1,1.000000
MHRIL,17333,1,1.000000
LANDSMILL,17376,1,1.000000
GLOBUSSPR,17424,1,5.000000
DEN,17722,1,1.000000
SOMICONVEY,17794,1,1.000000
DBCORP,17881,1,1.000000
GATECH,17888,1,1.000000
UNITEDTEA,17999,1,5.000000
KAJARIACER,1808,1,5.000000
KABRAEXTRU,1805,1,1.000000
G1NSETEST,12842,1,5.000000
ABB,13,1,50.000000
SAFARI,13035,1,10.000000
UNIPARTS,13057,1,5.000000
AIAENG,13086,1,10.000000
EBBETF0433,13139,1,1.000000
LANDMARK,13276,1,5.000000
BLKASHYAP,13290,1,1.000000
SGL,13367,1,1.000000
SUNTV,13404,1,5.000000
PIONEEREMB,13463,1,1.000000
JKLAKSHMI,13491,1,5.000000
AVONMORE,13557,1,1.000000
GRINDWELL,13560,1,10.000000
VOLTAMP,13577,1,50.000000
ANDHRSUGAR,136,1,1.000000
GEECEE,13658,1,1.000000
GLOBALVECT,13735,1,1.000000
ARIHANT,13885,1,5.000000
HINDUNILVR,1394,1,10.000000
PLASTIBLEN,13920,1,1.000000
ABSLBANETF,13987,1,1.000000
ASMS,14064,1,1.000000
SAGCEM,14068,1,1.000000
GLOBAL,1415,1,1.000000
HUBTOWN,14203,1,1.000000
GOLDETF,14286,1,1.000000
VIYASH,14296,1,1.000000
GODREJAGRO,144,1,5.000000
POCL,14385,1,10.000000
KIRLFER,14466,1,5.000000
THEMISMED,14485,1,1.000000
ALPHAGEO,14597,1,1.000000
CHEMBOND,14618,1,1.000000
ADVANIHOTR,14745,1,1.000000
041NSETEST,14755,1,5.000000
071NSETEST,14764,1,5.000000
081NSETEST,14767,1,5.000000
AKI,14890,1,1.000000
RBA,1494,1,1.000000
MOTILALOFS,14947,1,5.000000
BAJAJELEC,15034,1,5.000000
AVALON,15058,1,5.000000
KAUSHALYA,15136,1,5.000000
KALYANIFRG,15156,1,5.000000
PATINTLOG,15219,1,1.000000
JKIL,15266,1,5.000000
SADHNANIQ,15343,1,1.000000
GOLDADD,15356,1,1.000000
VGUARD,15362,1,5.000000
NESCO,15409,1,10.000000
PIGL,15716,1,1.000000
MGEL,1593,1,1.000000
CCAVENUE,16249,1,1.000000
BECTORFOOD,1628,1,1.000000
MKPL,16736,1,1.000000
ALKALI,16959,1,1.000000
PATANJALI,17029,1,5.000000
HMAAGRO,17053,1,1.000000
CROMPTON,17094,1,1.000000
ARMANFIN,17263,1,10.000000
GKWLIMITED,17357,1,10.000000
OIL,17438,1,5.000000
RTNPOWER,17520,1,1.000000
JINDALPOLY,1756,1,5.000000
QUESS,17704,1,1.000000
JSWENERGY,17869,1,5.000000
GEEKAYWIRE,17922,1,1.000000
BEARDSELL,17933,1,1.000000
COHANCE,17945,1,5.000000
SBICARD,17971,1,5.000000
WHIRLPOOL,18011,1,5.000000
SBFC,18026,1,1.000000
VASCONEQ,18110,1,1.000000
PYRAMID,18250,1,1.000000
AEROFLEX,18268,1,1.000000
SANDUMA,18359,1,1.000000
KESORAMIND,1859,1,1.000000
ICICIPRULI,18652,1,5.000000
SIGNATURE,18743,1,5.000000
ENDURANCE,18822,1,10.000000
SILLYMONKS,19097,1,1.000000
UDS,19113,1,1.000000
WEALTH,1923,1,5.000000
LAURUSLABS,19234,1,5.000000
BOROLTD,19401,1,1.000000
TICL,19501,1,1.000000
UGARSUGAR,19578,1,1.000000
HONASA,19813,1,5.000000
ORISSAMINE,19931,1,10.000000
DEEPAKNTR,19943,1,10.000000
TASTYBITE,20092,1,50.000000
CANTABIL,20160,1,1.000000
M&M,2031,1,10.000000
NACLIND,20425,1,1.000000
DOMS,20551,1,10.000000
RPPINFRA,20760,1,1.000000
SUMEETINDS,20790,1,1.000000
RBZJEWEL,20874,1,1.000000
MANGLMCEM,2106,1,5.000000
NPBET,12978,1,1.000000
HARRMALAYA,1313,1,1.000000
QUICKHEAL,13116,1,1.000000
ROHLTD,13182,1,5.000000
KEC,13260,1,5.000000
AFSL,13288,1,1.000000
UTTAMSUGAR,13376,1,1.000000
MUNJALAU,13511,1,1.000000
ANANTRAJ,13620,1,5.000000
TALBROAUTO,13648,1,1.000000
PARSVNATH,13791,1,1.000000
MANALIPETC,13796,1,1.000000
SUTLEJTEX,13801,1,1.000000
DONEAR,13839,1,1.000000
BANCOINDIA,13880,1,5.000000
HIRECT,13890,1,5.000000
JASH,13982,1,5.000000
SBGLP,14139,1,1.000000
HBS500INAV,14239,1,1.000000
TFL,14319,1,1.000000
HSCL,14334,1,5.000000
RAJTV,14403,1,1.000000
HLVLTD,1448,1,1.000000
BIRLANU,1455,1,10.000000
061NSETEST,14762,1,5.000000
CIEINDIA,14937,1,5.000000
PSUBANK,15061,1,1.000000
KOLTEPATIL,15124,1,5.000000
HITECHCORP,15161,1,1.000000
KIRLPNU,15180,1,10.000000
INDIANHUME,1530,1,5.000000
PDMJEPAPER,15377,1,1.000000
MANKIND,15380,1,10.000000
RVHL,1565,1,1.000000
ATALREAL,15649,1,1.000000
FAIRCHEMOR,1614,1,5.000000
LINDEINDIA,1627,1,50.000000
EBBETF0430,16253,1,1.000000
ANDHRAPAP,166,1,1.000000
KIRIINDUS,16639,1,5.000000
DIGISPICE,16683,1,1.000000
GOKUL,16705,1,1.000000
JBCHEPHARM,1726,1,10.000000
ALBERTDAVD,17256,1,5.000000
PREMEXPLN,17397,1,5.000000
LIQUID,17572,1,1.000000
MOLDTECH,17625,1,1.000000
MIDSELIETF,17702,1,1.000000
LTM,17818,1,10.000000
DLINKINDIA,17851,1,5.000000
MMTC,17957,1,1.000000
EMMBI,18142,1,1.000000
TEXMOPIPES,18214,1,1.000000
MANINFRA,18226,1,1.000000
IVZINGOLD,18292,1,5.000000
KANORICHEM,1835,1,1.000000
KARURVYSYA,1838,1,5.000000
NIM150INAV,18353,1,1.000000
BIGBLOC,18431,1,1.000000
TVVISION,18504,1,1.000000
KIRLOSBROS,18581,1,10.000000
EMSLIMITED,18593,1,5.000000
KALAMANDIR,18755,1,1.000000
PNBHOUSING,18908,1,5.000000
CUMMINSIND,1901,1,10.000000
NBIFIN,19111,1,10.000000
SFL,19184,1,5.000000
EMAMIREAL,19277,1,1.000000
ITDC,19299,1,5.000000
PRAKASHSTL,19599,1,1.000000
ALPHAETF,19640,1,1.000000
AMNPLST,19867,1,1.000000
LIBERTSHOE,1994,1,1.000000
DMART,19913,1,10.000000
RAMKY,20134,1,5.000000
IREDA,20261,1,1.000000
INDIASHLTR,20556,1,5.000000
SURAJEST,20822,1,1.000000
DOLPHIN,18139,1,5.000000
KAMATHOTEL,1826,1,1.000000
SPAL,18252,1,5.000000
NDGL,18371,1,10.000000
RRKABEL,18566,1,10.000000
NUVAMA,18721,1,10.000000
SJVN,18883,1,1.000000
RAJRATAN,18962,1,5.000000
PODDARMENT,19036,1,1.000000
KIOCL,19126,1,5.000000
HISARMETAL,19322,1,1.000000
AHLEAST,19438,1,1.000000
BAJAJCON,19531,1,5.000000
PRICOLLTD,19631,1,5.000000
ITETF,19633,1,1.000000
GOLDIETF,19679,1,1.000000
ASHOKA,20182,1,1.000000
TATATECH,20293,1,5.000000
BBNPPGOLD,20547,1,5.000000
JINDWORLD,20642,1,1.000000
HAPPYFORGE,20854,1,10.000000
PSPPROJECT,20877,1,5.000000
EBBE32INAV,10019,1,1.000000
MAM150INAV,10110,1,1.000000
AARON,1030,1,1.000000
SYNGENE,10243,1,5.000000
SHAREINDIA,104,1,1.000000
AXISBNKETF,1044,1,1.000000
RAMRAT,10485,1,5.000000
SADBHIN,10618,1,1.000000
MOMENTUM,10693,1,1.000000
INDIAMART,10726,1,10.000000
OAL,10768,1,1.000000
GENESYS,10905,1,1.000000
NATHBIOGEN,11065,1,1.000000
GTECJAINX,1129,1,1.000000
TVTODAY,11275,1,1.000000
SIL,11297,1,1.000000
AFFLE,11343,1,10.000000
DATAMATICS,11423,1,5.000000
NDTV,11427,1,1.000000
SPANDANA,11435,1,1.000000
GLFL,1156,1,1.000000
HDFCLOWVOL,11547,1,1.000000
SUPRAJIT,11689,1,5.000000
JINDALPHOT,11743,1,5.000000
WELCORP,11821,1,5.000000
NH,11840,1,10.000000
SWELECTES,11909,1,5.000000
MSPL,11919,1,1.000000
ICIL,11987,1,1.000000
RENUKA,12026,1,1.000000
CASTROLIND,1250,1,1.000000
FINIETF,12578,1,1.000000
OSIAHYPER,12635,1,1.000000
N1NSETEST,12848,1,5.000000
SILVER1,13082,1,1.000000
VIMTALABS,13101,1,5.000000
GALAXYSURF,1315,1,10.000000
GSEC10IETF,13143,1,1.000000
CELEBRITY,13162,1,1.000000
NITINSPIN,13175,1,5.000000
SULA,13218,1,1.000000
MARINE,1328,1,1.000000
HCL-INSYS,1327,1,1.000000
M&MFIN,13285,1,5.000000
SOLARINDS,13332,1,100.000000
HEG,1336,1,5.000000
RSYSTEMS,13414,1,1.000000
EMKAY,13421,1,1.000000
MANUGRAPH,13572,1,1.000000
RADIANTCMS,13580,1,1.000000
IRCTC,13611,1,5.000000
CREST,13900,1,5.000000
HBLENGINE,13966,1,5.000000
HINDPETRO,1406,1,5.000000
PTL,14101,1,1.000000
BTML,14150,1,1.000000
HDFCSML250,14233,1,1.000000
INDIANB,14309,1,5.000000
ORIENTALTL,14346,1,1.000000
SANOFI,1442,1,10.000000
ASTRAL,14418,1,10.000000
LAOPALA,14423,1,1.000000
DIVGIITTS,14479,1,5.000000
WEBELSOLAR,14602,1,1.000000
TGBHOTELS,14607,1,1.000000
HILTON,14627,1,1.000000
051NSETEST,14758,1,5.000000
111NSETEST,14774,1,5.000000
131NSETEST,14778,1,5.000000
SHIVAMILLS,1497,1,1.000000
INDOWIND,14952,1,1.000000
CENTUM,14982,1,10.000000
MAANALU,15017,1,1.000000
BVCL,15073,1,1.000000
ASTERDM,1508,1,5.000000
RGL,15129,1,1.000000
INDIACEM,1515,1,5.000000
UJJIVANSFB,15228,1,1.000000
AMBIKCO,15234,1,10.000000
KNRCON,15283,1,1.000000
BANG,15303,1,1.000000
SEPC,15308,1,1.000000
NMDC,15332,1,1.000000
RAIN,15337,1,1.000000
SHALPAINTS,15342,1,1.000000
RECLTD,15355,1,5.000000
EIHAHOTELS,15399,1,5.000000
GILLETTE,1576,1,50.000000
TARC,1581,1,1.000000
HINDWAREAP,15883,1,1.000000
APOLLOTYRE,163,1,5.000000
SUNDROP,1663,1,5.000000
GHCLTEXTIL,16696,1,1.000000
LOTUSEYE,16807,1,1.000000
KOKUYOCMLN,16827,1,1.000000
COUNCODOS,16986,1,1.000000
NEXT50,17181,1,1.000000
ITADD,17207,1,1.000000
BLS,17279,1,1.000000
NHPC,17400,1,1.000000
CONTROLPR,17477,1,5.000000
PSUBANKADD,17616,1,1.000000
KANPRPLA,1782,1,1.000000
NESTLEIND,17963,1,10.000000
ARENTERP,181,1,1.000000
HNGSNGBEES,18284,1,1.000000
PERSISTENT,18365,1,10.000000
GNA,18571,1,5.000000
YATRA,18760,1,1.000000
MAZDA,18866,1,1.000000
AARVI,19073,1,1.000000
KOPRAN,1919,1,1.000000
TCIEXP,19223,1,5.000000
AARTISURF,19233,1,5.000000
KSB,1949,1,5.000000
TRENT,1964,1,10.000000
GPPL,19731,1,1.000000
ESAFSFB,19878,1,1.000000
KILITCH,19937,1,1.000000
AKSHARCHEM,20178,1,1.000000
SHAH,20296,1,1.000000
RESPONIND,20323,1,1.000000
APCL,20453,1,1.000000
PRUDMOULI,20527,1,1.000000
DOLLAR,20560,1,1.000000
ASHIMASYN,206,1,1.000000
MUTHOOTMF,20831,1,1.000000
PSB,21001,1,1.000000
STARCEMENT,21091,1,1.000000
SALASAR,21362,1,1.000000
GANGESSECU,21399,1,1.000000
SIS,21501,1,5.000000
LIQUIDCASE,21750,1,1.000000
BANKBETF,21986,1,1.000000
ACC,22,1,10.000000
MIRCELECTR,2202,1,1.000000
MAXHEALTH,22377,1,5.000000
JSFB,22663,1,5.000000
VSTL,22730,1,1.000000
MUKKA,22980,1,1.000000
JNKINDIA,23621,1,1.000000
GODIGIT,23799,1,5.000000
ABSLPSE,23806,1,1.000000
AWFIS,23864,1,1.000000
MID150CASE,24077,1,1.000000
RELAXO,24225,1,1.000000
OILCOUNTUB,2472,1,1.000000
CEIGALL,24742,1,5.000000
SSDL,24856,1,1.000000
METALIETF,24861,1,1.000000
MFML,24937,1,1.000000
ADANIENT,25,1,10.000000
BODALCHEM,25017,1,1.000000
PREMIERENE,25049,1,5.000000
BCLIND,2513,1,1.000000
INDOUS,25503,1,1.000000
APLAPOLLO,25780,1,10.000000
KANANIIND,25786,1,1.000000
DBEIL,25892,1,1.000000
IT,2627,1,1.000000
SWIGGY,27066,1,5.000000
KMEW,27084,1,10.000000
NTPCGREEN,27176,1,1.000000
AUBANK,21238,1,5.000000
MASTEK,2124,1,10.000000
BDL,2144,1,10.000000
NEXT50BETA,21478,1,1.000000
BRNL,21683,1,1.000000
NIFTYBETF,21959,1,1.000000
MODIRUBBER,2229,1,1.000000
NDRAUTO,22255,1,5.000000
PARKHOTELS,22649,1,1.000000
MOTOGENFIN,2268,1,1.000000
MRF,2277,1,500.000000
MRPL,2283,1,1.000000
MURUDCERA,2313,1,1.000000
MOREALTY,23184,1,1.000000
AQYLON,23365,1,1.000000
SRM,23402,1,5.000000
INDGN,23693,1,5.000000
NELCO,2388,1,5.000000
LIQUIDBETF,23915,1,1.000000
ESTER,24265,1,1.000000
DELPHIFX,24391,1,1.000000
DHANUKA,24409,1,5.000000
AGIIL,24445,1,5.000000
CENTRUM,2454,1,1.000000
GROWWEV,24798,1,1.000000
ORIENTPPR,2496,1,1.000000
ORIENTTECH,24961,1,1.000000
SURAJLTD,24966,1,1.000000
IBULLSLTD,24999,1,1.000000
EUREKAFORB,25162,1,5.000000
NORTHARC,25426,1,1.000000
ONELIFECAP,25492,1,1.000000
MANBA,25597,1,1.000000
MOMENTUM50,25606,1,1.000000
KRN,25643,1,5.000000
DIFFNKG,25672,1,1.000000
DSSL,25690,1,5.000000
GICRE,277,1,5.000000
CHEMFAB,2799,1,5.000000
INNOVANA,27754,1,5.000000
RCF,2866,1,1.000000
MAMATA,28687,1,5.000000
MAYURUNIQ,28906,1,5.000000
SETL,29075,1,1.000000
INDUSTOWER,29135,1,5.000000
MCLOUD,29482,1,1.000000
GROWWRAIL,29527,1,1.000000
NAZARA,2987,1,1.000000
NIFTY100EW,29944,1,1.000000
NIF100INAV,29956,1,1.000000
AONETOTAL,29975,1,1.000000
KOHINOOR,3009,1,1.000000
ABFRL,30108,1,1.000000
EQUAL200,30121,1,1.000000
EQU200INAV,30124,1,1.000000
JINDALSAW,3024,1,1.000000
CASHIETF,30139,1,1.000000
SILVERCASE,30274,1,1.000000
SESHAPAPER,3066,1,1.000000
MONT50INAV,30502,1,1.000000
HONDAPOWER,3138,1,10.000000
BALRAMCHIN,341,1,5.000000
TFCILTD,3466,1,1.000000
TRANSPEK,3531,1,1.000000
TECILCHEM,3453,1,1.000000
VESUVIUS,3676,1,5.000000
VLSFINANCE,3715,1,1.000000
ZUARIIND,3827,1,1.000000
NATCOPHARM,3918,1,5.000000
GOCLCORP,3963,1,5.000000
SANGAMIND,4184,1,5.000000
SOMATEX,4201,1,1.000000
ZFSTEERING,4229,50,1.000000
KIMS,4847,1,5.000000
INDSWFTLAB,4870,1,1.000000
SAREGAMA,4892,1,5.000000
MADRASFERT,4911,1,1.000000
ICICIBANK,4963,1,10.000000
SVPGLOB,5020,1,1.000000
MAZDOCK,509,1,10.000000
CIGNITITEC,5142,1,10.000000
TATVA,5162,1,10.000000
GRAUWEIL,5200,1,1.000000
ALIVUS,5265,1,5.000000
FMCGIETF,5306,1,1.000000
UGROCAP,5313,1,1.000000
EXXARO,5352,1,1.000000
WINDLAS,5366,1,5.000000
AAVAS,5385,1,10.000000
NGIL,5401,1,1.000000
GRSE,5475,1,10.000000
CYIENT,5748,1,5.000000
SANSERA,5751,1,10.000000
AXISBANK,5900,1,10.000000
MONTECARLO,5938,1,5.000000
GOODLUCK,6125,1,5.000000
MEDICAMEQ,6278,1,1.000000
STEELCAS,6803,1,1.000000
LATENTVIEW,6818,1,5.000000
TARSONS,6943,1,1.000000
DMCC,6973,1,1.000000
ZODIAC,7129,1,1.000000
SUDARCOLOR,715,1,5.000000
MICEL,7169,1,1.000000
RATEGAIN,7177,1,5.000000
JETFREIGHT,7211,1,1.000000
SBIETFQLTY,7218,1,1.000000
MON50EQUAL,756900,1,1.000000
BELRISE,757102,1,1.000000
SAMBHV,757767,1,1.000000
REGAAL,758680,1,1.000000
CHEMCON,270,1,1.000000
PCBL,2649,1,1.000000
MASTERTR,27047,1,1.000000
BLACKBUCK,27144,1,5.000000
JUBLINGREA,2783,1,5.000000
RANEHOLDIN,2844,1,5.000000
IGIL,28378,1,5.000000
RELIANCE,2885,1,10.000000
PROZONER,28859,1,1.000000
SENORES,28888,1,5.000000
ROSSELLIND,28913,1,1.000000
DDEVPLSTIK,29098,1,1.000000
ITCHOTELS,29251,1,1.000000
DENTA,29256,1,1.000000
RUBYMILLS,2939,1,1.000000
MOHITIND,29423,1,1.000000
PROTEAN,29472,1,5.000000
ORCHASP,29492,1,1.000000
SAKHTISUG,2969,1,1.000000
WONDERLA,3002,1,5.000000
ATULAUTO,30023,1,5.000000
SAMMAANCAP,30125,1,1.000000
GLD360INAV,30126,1,5.000000
SDL26BEES,3022,1,1.000000
AONELIQUID,30472,1,1.000000
SHANTIGEAR,3078,1,5.000000
EQUA50INAV,30503,1,1.000000
INDOSTAR,3088,1,1.000000
THOMASCOTT,31017,1,1.000000
BORORENEW,3149,1,5.000000
GILT5YBEES,3172,1,1.000000
JTEKTINDIA,3237,1,1.000000
SUPREMEIND,3363,1,10.000000
SMLMAH,3387,1,10.000000
TNPETRO,3509,1,1.000000
TIL,3484,1,1.000000
NAM-INDIA,357,1,5.000000
UNICHEMLAB,3579,1,5.000000
FINEORG,3744,1,10.000000
VIPIND,3703,1,5.000000
VINEETLAB,3807,1,1.000000
BHARATRAS,3834,1,10.000000
VARROC,3857,1,5.000000
HATSUN,3892,1,5.000000
CAPLIPOINT,3906,1,10.000000
BERGEPAINT,404,1,5.000000
EIMCOELECO,4040,1,10.000000
GULFOILLUB,4391,1,5.000000
JAGSNPHARM,4410,1,1.000000
DYNAMATECH,4525,1,50.000000
NEXT50IETF,4529,1,1.000000
HDFCLIFE,467,1,5.000000
BANKINDIA,4745,1,1.000000
KCPSUGIND,4809,1,1.000000
KPIGREEN,5108,1,5.000000
JAICORPLTD,5143,1,1.000000
ROLEXRINGS,5279,1,1.000000
ASAHIINDIA,5378,1,5.000000
MOL,5394,1,1.000000
JAIPURKURT,5516,1,1.000000
VIJAYA,5585,1,5.000000
BSL,559,1,1.000000
INTELLECT,5926,1,5.000000
SOUTHBANK,5948,1,1.000000
AIROLAM,6068,1,1.000000
CAMLINFINE,6216,1,1.000000
CCHHL,6385,1,1.000000
GRPLTD,6543,1,10.000000
JINDALSTEL,6733,1,10.000000
SMLT,6843,1,1.000000
BAJAJHCARE,6863,1,5.000000
SBIETFPB,722,1,1.000000
MEDPLUS,7254,1,5.000000
SBIETFIT,740,1,1.000000
GLENMARK,7406,1,10.000000
CIFL,756015,1,1.000000
EQUAL50,757142,1,1.000000
MOALPHA50,757669,1,1.000000
PICCADIL,757754,1,5.000000
LOTUSDEV,758145,1,1.000000
PROSTARM,758173,1,1.000000
SHEKHAWATI,21095,1,1.000000
BFINVEST,21113,1,5.000000
KICL,21119,1,10.000000
CDSL,21174,1,10.000000
ASHOKLEY,212,1,1.000000
MOM100,21423,1,1.000000
APEX,21623,1,5.000000
ICICIGI,21770,1,10.000000
LOVABLE,22415,1,1.000000
MOREPENLAB,2259,1,1.000000
SIGNPOST,22656,1,1.000000
HLEGLAS,2289,1,5.000000
PLATIND,22930,1,1.000000
PVSL,23142,1,1.000000
NCC,2319,1,1.000000
JAYNECOIND,2331,1,1.000000
KRONOX,24025,1,1.000000
TOP100INAV,24086,1,1.000000
BBNPNBETF,24117,1,1.000000
DEEDEV,24154,1,5.000000
NKIND,2439,1,1.000000
OILIETF,24533,1,1.000000
MAITHANALL,24538,1,5.000000
RUBFILA,24730,1,1.000000
RPEL,24735,1,5.000000
OLAELEC,24777,1,1.000000
ARKADE,25398,1,1.000000
JISLDVREQS,25684,1,1.000000
METAL,25744,1,1.000000
VAL30IETF,25851,1,1.000000
GROWWGOLD,25872,1,1.000000
LEMONTREE,2606,1,1.000000
HEXATRADEX,27008,1,1.000000
CINELINE,27161,1,1.000000
TRANSRAILL,28714,1,5.000000
UNIMECH,28960,1,5.000000
TVSHLTD,29008,1,100.000000
STALLION,29204,1,1.000000
NEXT30ADD,29464,1,1.000000
REPCOHOME,29598,1,5.000000
QPOWER,29711,1,5.000000
GRN200INAV,29907,1,1.000000
MOCAPITAL,30065,1,1.000000
GOLD360,30105,1,5.000000
PRABHA,30134,1,1.000000
ISHANCH,30249,1,1.000000
SHREECEM,3103,1,500.000000
MCX,31181,1,10.000000
NBCC,31415,1,1.000000
BALMLAWRIE,338,1,1.000000
SUDARSCHEM,3327,1,5.000000
SUPERSPIN,3357,1,1.000000
TATAELXSI,3411,1,10.000000
HONAUT,3417,1,500.000000
TITAN,3506,1,10.000000
UCAL,3570,1,1.000000
VINDHYATEL,3694,1,5.000000
GAYAHWS,3693,1,1.000000
WIMPLAST,3781,1,1.000000
WIPRO,3787,1,1.000000
ARIHANTCAP,3813,1,1.000000
MAHLOG,385,1,5.000000
TNPL,3980,1,1.000000
SUNDRMBRAK,4179,1,5.000000
STERTOOLS,4299,1,1.000000
BHEL,438,1,1.000000
HAWKINCOOK,4444,1,1.000000
ELECTHERM,4469,1,5.000000
RUCHINFRA,4566,1,1.000000
DODLA,4822,1,5.000000
LIQUIDIETF,4838,1,1.000000
ICEMAKE,489,1,5.000000
IRCON,4986,1,1.000000
KOVAI,5192,1,10.000000
BPCL,526,1,5.000000
DEVYANI,5373,1,1.000000
CHEMPLASTS,5449,1,5.000000
ACUTAAS,5578,1,10.000000
IGARASHI,634,1,5.000000
NATIONALUM,6364,1,5.000000
PAYTM,6705,1,5.000000
SAPPHIRE,6718,1,1.000000
SBC,6792,1,1.000000
DHRUV,6858,1,1.000000
RPPL,6913,1,1.000000
DICIND,703,1,5.000000
SHIVALIK,7016,1,1.000000
ASIANENE,7030,1,1.000000
SEJALLTD,7091,1,5.000000
SHALBY,714,1,1.000000
BBETF0432,7196,1,1.000000
JTLIND,7287,1,1.000000
DCMSRIND,7325,1,1.000000
UNITEDPOLY,7560,1,1.000000
SILVER360,756150,1,1.000000
ABLBL,756843,1,1.000000
ENRIN,756871,1,10.000000
MOMGF,757099,1,1.000000
MONEXT50,757167,1,1.000000
FISCHER,757658,1,1.000000
RMDRIP,757834,1,1.000000
IGCL,757801,1,1.000000
CRIZAC,757850,1,1.000000
SHANTIGOLD,758002,1,1.000000
GROWWLOVOL,758300,1,1.000000
MFSL,2142,1,10.000000
DYNPRO,21314,1,1.000000
STEL,21484,1,5.000000
COMSYN,21578,1,1.000000
HFCL,21951,1,1.000000
DHUNINV,22233,1,5.000000
MACPOWER,22347,1,5.000000
BANKBETA,22440,1,1.000000
ITBETA,22488,1,1.000000
GOLDCASE,22901,1,1.000000
GOPAL,23066,1,5.000000
SCILAL,23127,1,1.000000
SINCLAIR,23480,1,1.000000
MUTHOOTFIN,23650,1,10.000000
RETAIL,24145,1,1.000000
STANLEY,24226,1,1.000000
NIRLON,2433,1,1.000000
NOCIL,2442,1,1.000000
EVINDIA,24461,1,1.000000
LTF,24948,1,1.000000
ASAHISONG,25088,1,1.000000
RVTH,25157,1,5.000000
BAJAJHFL,25270,1,1.000000
NIRAJ,255,1,1.000000
HUHTAMAKI,2562,1,1.000000
MOME50INAV,25621,1,1.000000
UYFINCORP,25626,1,1.000000
POLYMED,25718,1,10.000000
WAAREEENER,25907,1,10.000000
DIVOPPBEES,2636,1,1.000000
PFIZER,2643,1,10.000000
GODAVARIB,25941,1,5.000000
ACMESOLAR,27061,1,5.000000
VSSL,27067,1,1.000000
PRAKASH,2708,1,1.000000
AUTOAXLES,278,1,10.000000
LXCHEM,2841,1,1.000000
RICOAUTO,2909,1,1.000000
QUADFUTURE,29087,1,5.000000
CARERATING,29113,1,10.000000
NAVKARURB,29146,1,1.000000
VMART,29284,1,5.000000
NIF100BEES,29577,1,1.000000
AJAXENGG,29624,1,5.000000
HEXT,29666,1,5.000000
GUJTHEM,29731,1,1.000000
NIBL,29733,1,1.000000
VIVIDHA,29877,1,1.000000
ESSENTIA,30323,1,1.000000
SBIN,3045,1,5.000000
SPECTRUM,30455,1,10.000000
MID150,30469,1,1.000000
MOY100INAV,30549,1,1.000000
GRO250INAV,30570,1,1.000000
SMALL2INAV,30573,1,1.000000
GRW150INAV,30574,1,1.000000
VEDL,3063,1,5.000000
MOBK10INAV,30620,1,1.000000
LODHA,3220,1,5.000000
SWARAJENG,3384,1,10.000000
SRF,3273,1,10.000000
CAMS,342,1,5.000000
AGARIND,3389,1,5.000000
TATACHEM,3405,1,5.000000
TMPV,3456,1,5.000000
CLSEL,3482,1,1.000000
AXISBPSETF,3530,1,1.000000
ADANIGREEN,3563,1,5.000000
ZODIACLOTH,3821,1,1.000000
AEGISLOG,40,1,5.000000
SOMANYCERA,3880,1,5.000000
JAYAGROGN,4041,1,1.000000
CUBEXTUB,4064,1,1.000000
VISAKAIND,4221,1,1.000000
HDFCAMC,4244,1,10.000000
SHRIRAMFIN,4306,1,5.000000
OSWALGREEN,471,1,1.000000
GUJRAFFIA,4548,1,1.000000
BIRLACORPN,480,1,5.000000
ENGINERSIN,4907,1,1.000000
SHARDACROP,4992,1,5.000000
BFSI,5220,1,1.000000
EPIGRAL,5382,1,5.000000
CARTRADE,5407,1,10.000000
SERVOTECH,5507,1,1.000000
INTLCONV,5606,1,1.000000
CUB,5701,1,1.000000
AXISCETF,5732,1,1.000000
ABSLAMC,6018,1,5.000000
CESC,628,1,1.000000
SELMC,6262,1,1.000000
NYKAA,6545,1,1.000000
FINOPB,6579,1,1.000000
EXIDEIND,676,1,5.000000
SONATSOFTW,6596,1,1.000000
GENUSPAPER,6600,1,1.000000
GREENLAM,6848,1,1.000000
HEMIPROP,701,1,1.000000
ACCELYA,7053,1,10.000000
STARHEALTH,7083,1,5.000000
ANANDRATHI,7145,1,10.000000
SHRIRAMPPS,7200,1,1.000000
DATAPATTNS,7358,1,10.000000
MANAKSTEEL,7463,1,1.000000
BLUECOAST,7480,1,1.000000
TINNARUBR,756020,1,5.000000
WAAREERTL,756038,1,5.000000
OSWALPUMPS,756802,1,5.000000
TOP15IETF,757781,1,1.000000
BRIGHOTEL,757794,1,1.000000
MOMIDMTM,757817,1,1.000000
SMARTWORKS,757965,1,5.000000
MOSILVER,758457,1,1.000000
SBILIQETF,758496,1,1.000000
KALPATARU,758558,1,5.000000
GROWWNIFTY,758697,1,1.000000
ARFIN,758700,1,1.000000
LTGILTCASE,758705,1,1.000000
SGMART,758889,1,5.000000
FINKURVE,759239,1,1.000000
JAINREC,759244,1,5.000000
MOENERGY,759374,1,1.000000
MONEYBOXX,759381,1,1.000000
OMFREIGHT,759411,1,1.000000
GROWWSC250,759522,1,1.000000
CHOICEGOLD,759610,1,1.000000
SUDEEPPHRM,760039,1,5.000000
CORONA,760254,1,10.000000
MEESHO,760229,1,1.000000
AEQUS,760234,1,1.000000
SMALLADD,760359,1,1.000000
NEXT50ADD,760599,1,1.000000
BONLON,761056,1,1.000000
KOTYARK,761335,1,5.000000
SAIPARENT,761675,1,5.000000
POWERICA,761680,1,5.000000
SAHLIBHFI,761688,1,1.000000
ACSTECH,762533,1,5.000000
AMBALALSA,762543,1,5.000000
ASTAR,762553,1,5.000000
BENGALASM,762578,1,5.000000
DAICHI,762633,1,5.000000
ELANTAS,762653,1,5.000000
HALDYNGL,762705,1,5.000000
PML,762834,1,5.000000
SHARDUL,762894,1,5.000000
ULTRAMAR,762961,1,5.000000
VELJAN,762966,1,5.000000
BIL,7848,1,5.000000
INOXWIND,7852,1,1.000000
MIDCAP,8077,1,1.000000
RPSGVENT,8119,1,5.000000
CHALET,8546,1,5.000000
MSUMI,8596,1,1.000000
PNBGILTS,8736,1,1.000000
ORCHPHARMA,926,1,5.000000
NILAINFRA,9253,1,1.000000
STARTECK,9305,1,1.000000
RAINBOW,9408,1,10.000000
ESABINDIA,955,1,10.000000
PRUDENT,9553,1,10.000000
AETHER,9810,1,10.000000
AIRAN,9897,1,1.000000
ALANKIT,9921,1,1.000000
GANESHCP,759012,1,1.000000
RHETAN,759062,1,1.000000
MWL,759169,1,5.000000
ADVANCE,759402,1,1.000000
PATELRMART,759439,1,1.000000
STUDDS,759587,1,5.000000
ADVENTHTL,759769,1,1.000000
GROWW,759806,1,1.000000
CGPOWER,760,1,5.000000
EXCELSOFT,760007,1,1.000000
SKFINDUS,760101,1,10.000000
WAKEFIT,760259,1,1.000000
RUDRA,760392,1,1.000000
GROWWCHEM,760673,1,1.000000
AMAGI,760740,1,5.000000
OMNI,760865,1,1.000000
FRACTAL,760961,1,5.000000
AVAILFC,762558,1,5.000000
FERMENTA,762680,1,5.000000
GNRL,762690,1,5.000000
IWP,762727,1,5.000000
MENNPIS,762787,1,5.000000
METROGLOBL,762797,1,5.000000
SAPPL,762874,1,5.000000
TAMBOLIIN,762934,1,5.000000
TIMEX,762954,1,5.000000
NETF,7838,1,1.000000
RAMCOSYS,7851,1,5.000000
LFIC,7902,1,1.000000
GRWRHITECH,7982,1,10.000000
VETO,8652,1,1.000000
GAEL,8828,1,1.000000
TTML,8954,1,1.000000
VCL,9020,1,1.000000
AGROPHOS,9046,1,1.000000
AONEGOLD,758904,1,1.000000
IVALUE,759041,1,1.000000
DEVX,759079,1,1.000000
SHRINGARMS,759093,1,1.000000
JKIPL,759205,1,1.000000
MONIFTY100,759371,1,1.000000
EMMVEE,759728,1,1.000000
BETA,759842,1,10.000000
CAPILLARY,759867,1,5.000000
TENNIND,759880,1,5.000000
CHEMICAL,759885,1,1.000000
PAUSHAKLTD,759969,1,5.000000
MSCIADD,759978,1,1.000000
AONETMMQ50,759992,1,1.000000
ENIFTY,759998,1,1.000000
TOP20,760415,1,1.000000
DSFCL,760891,1,1.000000
CEINSYS,761037,1,5.000000
AMIRCHAND,761670,1,1.000000
ABANSENT,762523,1,5.000000
BAJAJST,762563,1,5.000000
BATLIBOI,762568,1,5.000000
BLACKROSE,762598,1,5.000000
BNAGROCHEM,762608,1,5.000000
BTTL,762618,1,5.000000
DRAGARWQ,762648,1,5.000000
FEDDERSHOL,762675,1,5.000000
FRONTSP,762685,1,5.000000
INVPRECQ,762722,1,5.000000
KANCHI,762737,1,5.000000
KLBRENG-B,762747,1,5.000000
KOTIC,762752,1,5.000000
SAYAJIHOTL,762879,1,5.000000
MMWL,762802,1,5.000000
UNIINFO,7791,1,1.000000
DCM,805,1,1.000000
DCMSHRIRAM,811,1,10.000000
MOMOMENTUM,8182,1,1.000000
MUKTAARTS,8687,1,1.000000
VERANDA,8890,1,1.000000
HARDWYN,8962,1,1.000000
EIHOTEL,919,1,5.000000
TIPSMUSIC,9117,1,5.000000
DPABHUSHAN,936,1,5.000000
ARROWGREEN,9260,1,5.000000
PNCINFRA,9385,1,1.000000
PGHL,940,1,10.000000
MAHESHWARI,9576,1,1.000000
HIKAL,9668,1,1.000000
ETHOSLTD,9750,1,10.000000
HAVELLS,9819,1,10.000000
CHEVIOT,9879,1,5.000000
IOB,9348,1,1.000000
MSTCLTD,9356,1,5.000000
AKSHAR,9558,1,1.000000
SPLPETRO,9617,1,5.000000
SOUTHWEST,9678,1,1.000000
GOLDTECH,9874,1,1.000000
CPPLUS,758858,1,10.000000
CPEDU,758941,1,1.000000
STLNETWORK,758958,1,1.000000
GKENERGY,759048,1,1.000000
VMSTMT,759152,1,1.000000
TIGERLOGS,759176,1,1.000000
CRAMC,759311,1,1.000000
SHREEJISPG,759448,1,5.000000
LENSKART,759605,1,5.000000
EUROPRATIK,759797,1,1.000000
FABTECH,760125,1,1.000000
VIDYAWIRES,760224,1,1.000000
ABSL10BANK,760247,1,1.000000
NEPHROPLUS,760346,1,5.000000
ICICIAMC,760407,1,10.000000
TWCGOLDETF,760482,1,1.000000
ADVAIT,760657,1,10.000000
BHARATCOAL,760726,1,1.000000
HEALTHCARE,760986,1,1.000000
SEDEMAC,761153,1,10.000000
CMPDI,761581,1,1.000000
MOBANK10,761693,1,1.000000
AKCAPIT,762538,1,5.000000
BIMETAL,762588,1,5.000000
ELITECON,762663,1,5.000000
INDPRUD,762717,1,5.000000
MAFATIND,762772,1,5.000000
MCCHRLS-B,762782,1,5.000000
MERCANTILE,762792,1,5.000000
NITTAGELA,762824,1,5.000000
PRAVEG,762844,1,5.000000
RRIL,762864,1,5.000000
SIKA,762914,1,5.000000
THACKER,762944,1,5.000000
ZSARACOM,762985,1,5.000000
KTKBANK,8054,1,1.000000
SAGARDEEP,8175,1,1.000000
DEEPAKFERT,827,1,5.000000
GMRP&UI,8529,1,1.000000
NLCINDIA,8585,1,5.000000
LOWVOL1,8632,1,1.000000
VRLLOG,8696,1,1.000000
SHAILY,8727,1,10.000000
OBCL,8797,1,1.000000
SONAMLTD,8806,1,1.000000
ELDEHSG,8953,1,5.000000
ANUP,9014,1,10.000000
TAJGVK,9354,1,5.000000
SILVERTUC,9422,1,1.000000
SKIPPER,9428,1,5.000000
LICI,9480,1,5.000000
KHANDSE,9641,1,1.000000
EPL,981,1,1.000000
WEWIN,9862,1,1.000000
NEXTMEDIA,9867,1,1.000000
AXITA,9902,1,1.000000
EBBE31INAV,10017,1,1.000000
ARE&M,100,1,5.000000
EMAMIPAP,10074,1,1.000000
LICN50INAV,10098,1,1.000000
ORICONENT,10159,1,1.000000
SETF50INAV,10161,1,1.000000
SHYAMCENT,10188,1,1.000000
PKTEA,10321,1,5.000000
RADHIKAJWE,10343,1,1.000000
DGCONTENT,10346,1,1.000000
SATIN,10453,1,1.000000
POWERMECH,10473,1,10.000000
RAMAPHO,10568,1,1.000000
NIFTYBEES,10576,1,1.000000
BHARTIARTL,10604,1,10.000000
MOVALUE,10825,1,1.000000
DIVISLAB,10940,1,50.000000
SIRCA,11050,1,5.000000
AGRITECH,11072,1,1.000000
BALAXI,11309,1,1.000000
GINNIFILA,1142,1,1.000000
PILANIINVS,11445,1,10.000000
ULTRACEMCO,11532,1,100.000000
COFORGE,11543,1,10.000000
NARMADA,11627,1,1.000000
NTPC,11630,1,5.000000
LALPATHLAB,11654,1,10.000000
DWARKESH,11667,1,1.000000
JPPOWER,11763,1,1.000000
AMBER,1185,1,50.000000
HPIL,11796,1,1.000000
SHOPERSTOP,11813,1,5.000000
NECLIFE,11927,1,1.000000
SEMAC,11961,1,1.000000
ZIMLAB,12384,1,1.000000
DHARMAJ,13001,1,1.000000
IIFLCAPS,13072,1,1.000000
DSPN50INAV,10004,1,1.000000
MOM100INAV,10122,1,1.000000
MONQ50INAV,10128,1,1.000000
MID150INAV,10134,1,1.000000
FINCABLES,1038,1,5.000000
JISLJALEQS,10397,1,1.000000
SENSEXBETA,10515,1,1.000000
MNC,10676,1,1.000000
TEAMGTY,10717,1,1.000000
INDORAMA,10993,1,1.000000
LIQUIDBEES,11006,1,1.000000
SATIA,11045,1,1.000000
SHK,11212,1,1.000000
VARDHACRLC,11220,1,1.000000
TIPSFILMS,11374,1,5.000000
BANKBEES,11439,1,1.000000
CENTEXT,11511,1,1.000000
NIITLTD,11522,1,1.000000
NEWGEN,1164,1,5.000000
PATELENG,11699,1,1.000000
SAKSOFT,11794,1,1.000000
ALLDIGI,11798,1,5.000000
AEROENTER,12015,1,1.000000
AURIONPRO,12022,1,5.000000
BASML,12034,1,1.000000
GOODYEAR,1205,1,5.000000
BBTCL,12153,1,1.000000
AAATECH,12533,1,1.000000
TEAMLEASE,12716,1,10.000000
KRISHANA,12847,1,5.000000
TRIVENI,13081,1,5.000000
REPRO,13126,1,5.000000
PVRINOX,13147,1,5.000000
COMMOIETF,13198,1,1.000000
MALUPAPER,13352,1,1.000000
KELLTONTEC,13430,1,1.000000
GMRAIRPORT,13528,1,1.000000
TECHM,13538,1,10.000000
ANTELOPUS,13598,1,5.000000
HINDALCO,1363,1,5.000000
ALICON,13656,1,5.000000
INFOMEDIA,13693,1,1.000000
FIEMIND,13710,1,10.000000
NAUKRI,13751,1,5.000000
GESHIP,13776,1,10.000000
TORNTPOWER,13786,1,10.000000
LTFOODS,13816,1,5.000000
NFL,13925,1,1.000000
AGI,1412,1,5.000000
AUTOIND,14106,1,1.000000
UNOMINDA,14154,1,10.000000
NSLNISP,14180,1,1.000000
TIIL,14223,1,10.000000
PGIL,14260,1,10.000000
JKTYRE,14435,1,5.000000
ICRA,14523,1,50.000000
NDLVENTURE,14547,1,1.000000
ZENITHSTL,14562,1,1.000000
PSUBNKIETF,14584,1,1.000000
FORTIS,14592,1,5.000000
GUJAPOLLO,14677,1,5.000000
JSWDULUX,1467,1,10.000000
NAVINFLUOR,14672,1,50.000000
V2RETAIL,14766,1,1.000000
ALPA,14848,1,1.000000
GOLD1,14858,1,1.000000
LAL,14924,1,1.000000
POWERGRID,14977,1,5.000000
CCCL,14992,1,1.000000
DELTACORP,15044,1,1.000000
TARIL,15174,1,5.000000
ARIES,15204,1,5.000000
CORDSCABLE,15271,1,1.000000
ACL,15420,1,1.000000
AVG,15589,1,1.000000
IOC,1624,1,1.000000
IPCALAB,1633,1,10.000000
MMP,16395,1,1.000000
ITC,1660,1,5.000000
RPGLIFE,16725,1,10.000000
TOUCHWOOD,16908,1,1.000000
ZFCVINDIA,16915,1,100.000000
JAYBARMARU,1708,1,1.000000
JAYSREETEA,1720,1,1.000000
IDEAFORGE,17140,1,5.000000
SALONA,17351,1,5.000000
VINATIORGA,17364,1,10.000000
POKARNA,17651,1,5.000000
GPTINFRA,17685,1,1.000000
NIITMTS,17747,1,5.000000
SHILPAMED,17752,1,5.000000
GROBTEA,17770,1,5.000000
GILLANDERS,17839,1,1.000000
HINDCOPPER,17939,1,5.000000
TRF,17987,1,1.000000
CONCORDBIO,18060,1,10.000000
DBL,18086,1,5.000000
KAKATCEM,1811,1,1.000000
KECL,18220,1,1.000000
RBLBANK,18391,1,5.000000
CUPID,18520,1,1.000000
DIACABS,18543,1,1.000000
ZAGGLE,18608,1,1.000000
HMVL,19211,1,1.000000
KOTAKBANK,1922,1,5.000000
MOM50,19289,1,1.000000
AHLWEST,19366,1,1.000000
HDFCGOLD,19543,1,1.000000
IRMENERGY,19597,1,1.000000
BLUEJET,19686,1,5.000000
WELINV,19800,1,10.000000
MASFIN,199,1,5.000000
LICHSGFIN,1997,1,5.000000
WAAREEINDO,19955,1,5.000000
INFRABEES,20072,1,1.000000
ASHAPURMIN,203,1,5.000000
GANDHAR,20303,1,1.000000
HOMEFIRST,2056,1,5.000000
PENIND,20621,1,1.000000
SCHAND,20698,1,1.000000
EBBE23INAV,10012,1,1.000000
MANORAMA,10227,1,10.000000
RAMASTEEL,10300,1,1.000000
MOHEALTH,10508,1,1.000000
KRBL,10577,1,5.000000
MPSLTD,10578,1,10.000000
MARKSANS,10579,1,1.000000
TCI,10580,1,5.000000
MOM30IETF,10585,1,1.000000
GUJGASLTD,10599,1,5.000000
PONNIERODE,10661,1,5.000000
NIFTYQLITY,10690,1,1.000000
SPORTKING,10733,1,1.000000
NUCLEUS,10791,1,5.000000
GABRIEL,1085,1,5.000000
SYRMA,10793,1,5.000000
DREAMFOLKS,10859,1,1.000000
AXISILVER,11193,1,1.000000
MUKANDLTD,11325,1,1.000000
BIOCON,11373,1,5.000000
APARINDS,11491,1,50.000000
TCS,11536,1,10.000000
PPLPHARMA,11571,1,1.000000
HDFCMOMENT,11538,1,1.000000
TEXINFRA,11549,1,1.000000
FORCEMOT,11573,1,100.000000
KENNAMET,11841,1,10.000000
GLAND,1186,1,10.000000
SHAHALLOYS,11856,1,1.000000
PRIMESECU,11864,1,5.000000
JSWHL,11880,1,100.000000
VHL,11892,1,10.000000
MEDANTA,11956,1,5.000000
SASKEN,11983,1,10.000000
HDFCNIFIT,12101,1,1.000000
RUSTOMJEE,12219,1,5.000000
PRECAM,12603,1,1.000000
HYBRIDFIN,12809,1,1.000000
HDFCBANK,1333,1,5.000000
GALLANTT,13337,1,5.000000
BALPHARMA,13441,1,1.000000
RATNAMANI,13451,1,10.000000
PFOCUS,13496,1,5.000000
NECCLTD,13522,1,1.000000
ACE,13587,1,5.000000
MMFL,13844,1,5.000000
TANLA,13976,1,5.000000
VEEDOL,14019,1,10.000000
NETWORK18,14111,1,1.000000
NINSYS,14194,1,5.000000
HMI150INAV,14241,1,1.000000
GANESHHOU,14339,1,5.000000
APOLLOPIPE,14361,1,5.000000
PAGEIND,14413,1,500.000000
NAHARSPING,14440,1,1.000000
BANSWRAS,14511,1,1.000000
KMSUGAR,14667,1,1.000000
021NSETEST,14751,1,5.000000
NELCAST,14761,1,1.000000
121NSETEST,14777,1,5.000000
SPARC,14788,1,1.000000
PURVA,14922,1,1.000000
MAG813INAV,14953,1,1.000000
EDELWEISS,15119,1,1.000000
LICNFNHGP,15229,1,1.000000
BIRLAMONEY,15239,1,1.000000
CEATLTD,15254,1,10.000000
IRB,15313,1,1.000000
INGERRAND,1597,1,10.000000
AURIGROW,1607,1,1.000000
VAISHALI,16589,1,1.000000
SIGMA,16658,1,1.000000
UBL,16713,1,10.000000
SILVERAG,16777,1,1.000000
GVT&D,16783,1,10.000000
QNIFTY,16819,1,1.000000
SINDHUTRAD,16859,1,1.000000
20MICRONS,16921,1,1.000000
INDBANK,16933,1,1.000000
GATECHDVR,17,1,1.000000
TPHQ,16996,1,1.000000
SHARIABEES,17044,1,1.000000
SUMICHEM,17105,1,5.000000
SENCO,17271,1,5.000000
SETF10GILT,17395,1,1.000000
NETWEB,17433,1,10.000000
EXPLEOSOL,17486,1,5.000000
MGL,17534,1,5.000000
DAMODARIND,17541,1,1.000000
MAHEPC,17603,1,1.000000
ALOKINDS,17675,1,1.000000
ASTEC,17728,1,5.000000
YATHARTH,17738,1,5.000000
REFEX,17764,1,1.000000
TREL,17795,1,1.000000
GODREJPROP,17875,1,10.000000
ABBOTINDIA,17903,1,500.000000
JYOTISTRUC,1802,1,1.000000
JUBLFOOD,18096,1,5.000000
SRGHFL,18119,1,1.000000
KPIL,1814,1,10.000000
JIOFIN,18143,1,1.000000
MIDCAPBETA,18347,1,1.000000
RISHABH,18417,1,5.000000
MITTAL,18562,1,1.000000
LTTS,18564,1,10.000000
NITCO,13300,1,1.000000
SDBL,1338,1,1.000000
BHAGERIA,13400,1,1.000000
RAMANEWS,13565,1,1.000000
HGM,13592,1,1.000000
HIMATSEIDE,1360,1,1.000000
JMFINANCIL,13637,1,1.000000
NRL,13675,1,1.000000
HINDCOMPOS,1372,1,5.000000
MANOMAY,13753,1,1.000000
SHIVAMAUTO,13756,1,1.000000
PARACABLES,13951,1,1.000000
LUMAXTECH,14014,1,10.000000
SARLAPOLY,14043,1,1.000000
SANGHVIMOV,14058,1,1.000000
PITTIENG,14134,1,5.000000
HINDZINC,1424,1,5.000000
AMDIND,14398,1,1.000000
GOLDBEES,14428,1,1.000000
GOLDBETA,14535,1,5.000000
DISHTV,14537,1,1.000000
PHOENIXLTD,14552,1,10.000000
SRHHYPOLTD,14582,1,5.000000
GSLSU,14599,1,1.000000
GOACARBON,14687,1,5.000000
031NSETEST,14753,1,5.000000
101NSETEST,14772,1,5.000000
LOWVOL,14786,1,1.000000
SIGMAADV,14793,1,1.000000
IFBAGRO,1482,1,5.000000
DECCANCE,14838,1,5.000000
VIPCLOTHNG,14843,1,1.000000
KDDL,14908,1,10.000000
KPRMILL,14912,1,5.000000
NAGREEKCAP,14942,1,1.000000
CSBBANK,14966,1,5.000000
PSUBNKBEES,15032,1,1.000000
BLAL,15067,1,1.000000
INDHOTEL,1512,1,5.000000
SILVERBETA,15085,1,1.000000
JYOTHYLAB,15146,1,1.000000
BRIGADE,15184,1,5.000000
PPAP,15209,1,1.000000
INDIAGLYCO,1521,1,5.000000
APCOTEXIND,154,1,5.000000
QGOLDHALF,15330,1,1.000000
RKEC,1547,1,1.000000
INFY,1594,1,10.000000
ITI,1675,1,1.000000
BAJAJ-AUTO,16669,1,50.000000
VINYLINDIA,16821,1,1.000000
ARTEMISMED,16913,1,1.000000
SHRIPISTON,17186,1,10.000000
ADANIPOWER,17388,1,1.000000
NV20IETF,17475,1,1.000000
AMRUTANJAN,17547,1,5.000000
PVTBANKADD,17576,1,1.000000
SUNTECK,17641,1,5.000000
LLOYDSENGG,17801,1,1.000000
QUAL30IETF,17808,1,1.000000
AHLUCONT,17833,1,5.000000
REDTAPE,17859,1,1.000000
BAYERCROP,17927,1,10.000000
AWHCL,1797,1,5.000000
ADVENZYMES,18039,1,5.000000
MINDTECK,18049,1,1.000000
THANGAMAYL,18118,1,10.000000
HATHWAY,18154,1,1.000000
HDFCLIQUID,18279,1,1.000000
LGBBROSLTD,18321,1,10.000000
TCPLPACK,184,1,10.000000
KCP,1841,1,1.000000
ASIANHOTNR,18422,1,5.000000
ISFT,18479,1,1.000000
JLHL,18553,1,10.000000
SAMHI,18614,1,1.000000
CARYSIL,1879,1,5.000000
IDFNIFTYET,18783,1,1.000000
TARAPUR,18827,1,1.000000
VERTOZ,18863,1,1.000000
KIRLOSIND,19025,1,10.000000
PLAZACABLE,19458,1,1.000000
BSE,19585,1,10.000000
LMW,1979,1,100.000000
LIQUIDSBI,19705,1,1.000000
SASTASUNDR,20063,1,5.000000
INTENTECH,20071,1,1.000000
CPCAP,20086,1,1.000000
ARIHANTSUP,20159,1,1.000000
WABAG,20188,1,10.000000
JWL,20224,1,1.000000
PRESTIGE,20302,1,10.000000
CHENNPETRO,2049,1,5.000000
GRAVITA,20534,1,10.000000
BAJEL,20531,1,1.000000
INOXINDIA,20607,1,10.000000
SUPERHOUSE,20616,1,1.000000
JAMNAAUTO,20778,1,1.000000
MOTISONS,20788,1,1.000000
MOIL,20830,1,5.000000
ZEELEARN,20852,1,1.000000
MUFTI,20878,1,1.000000
AZAD,20905,1,10.000000
HPL,18679,1,5.000000
STYRENIX,19,1,10.000000
MVGJL,19015,1,1.000000
JSWINFRA,19020,1,1.000000
TI,19196,1,5.000000
HEADSUP,19205,1,1.000000
LIQUIDETF,1927,1,1.000000
MUFIN,19783,1,1.000000
CELLO,19795,1,5.000000
AHLADA,2004,1,1.000000
UNIDT,201,1,1.000000
OBEROIRLTY,20242,1,10.000000
NRAIL,20314,1,5.000000
RAMCOCEM,2043,1,5.000000
IOLCP,20413,1,1.000000
INDIGOPNTS,2048,1,5.000000
AXISGOLD,20532,1,1.000000
VTL,2073,1,5.000000
ICICI2INAV,10028,1,1.000000
ICICI5INAV,10048,1,1.000000
ICICI1INAV,10050,1,1.000000
MON100INAV,10130,1,1.000000
ADANIENSOL,10217,1,5.000000
CONFIPET,10238,1,1.000000
PPL,10297,1,1.000000
AURUM,10310,1,1.000000
DYCL,10417,1,1.000000
LUPIN,10440,1,10.000000
STEELCITY,10406,1,1.000000
UFLEX,1053,1,5.000000
ARVSMART,10457,1,5.000000
SURANAT&P,10700,1,1.000000
APTECHT,10755,1,1.000000
CANBK,10794,1,1.000000
HDFCSILVER,10876,1,1.000000
OMAXAUTO,10922,1,1.000000
LIBAS,11082,1,1.000000
UCOBANK,11223,1,1.000000
HDFCQUAL,11255,1,1.000000
IGL,11262,1,1.000000
SUVEN,11233,1,1.000000
UPL,11287,1,5.000000
PETRONET,11351,1,1.000000
DHANBANK,11359,1,1.000000
VAIBHAVGBL,11364,1,1.000000
TTKHLTCARE,11369,1,5.000000
ZOTA,11394,1,10.000000
KRITINUT,11432,1,1.000000
EMIL,11530,1,1.000000
TRACXN,11582,1,1.000000
GUFICBIO,11606,1,5.000000
SALSTEEL,11634,1,1.000000
JBMA,11655,1,5.000000
GNFC,1174,1,5.000000
GODFRYPHLP,1181,1,10.000000
JKPAPER,11860,1,5.000000
FUSION,11932,1,1.000000
BIKAJI,11966,1,5.000000
IMPAL,12009,1,5.000000
ACI,12024,1,5.000000
KAYNES,12092,1,10.000000
VINNY,12490,1,1.000000
GFLLIMITED,1289,1,1.000000
SARVESHWAR,12913,1,1.000000
360ONE,13061,1,5.000000
EKC,13091,1,1.000000
ORIENTCER,13111,1,1.000000
VISASTEEL,13295,1,1.000000
KKCL,13381,1,5.000000
ELIN,13423,1,1.000000
LOKESHMACH,13436,1,1.000000
ELECON,13643,1,5.000000
BANKADD,13644,1,1.000000
AERONEU,13689,1,1.000000
FLUOROCHEM,13750,1,10.000000
VGL,13771,1,1.000000
JINDRILL,13875,1,5.000000
PRAENG,13941,1,1.000000
HINDOILEXP,1403,1,1.000000
GANDHITUBE,14116,1,5.000000
HSM250INAV,14243,1,1.000000
REDINGTON,14255,1,1.000000
FSL,14304,1,1.000000
SMSPHARMA,14329,1,5.000000
IDEA,14366,1,1.000000
NAHARPOLY,14445,1,1.000000
BALAMINES,14501,1,5.000000
AXSENSEX,14742,1,1.000000
011NSETEST,14747,1,5.000000
091NSETEST,14769,1,5.000000
WSI,14828,1,1.000000
CENTRALBK,14894,1,1.000000
CERA,15039,1,10.000000
ENERGYDEV,15049,1,1.000000
RELIGARE,15068,1,1.000000
SVLL,15121,1,5.000000
COLPAL,15141,1,10.000000
RHL,15157,1,1.000000
NAHARCAP,15360,1,1.000000
HCG,15555,1,5.000000
PRINCEPIPE,16045,1,1.000000
TATAINVEST,1621,1,5.000000
BHARATWIRE,16123,1,1.000000
ALMONDZ,16719,1,1.000000
ARCHIDPLY,16795,1,1.000000
IKIO,16822,1,1.000000
JOCIL,16927,1,1.000000
ASHOKAMET,16943,1,1.000000
THYROCARE,17032,1,5.000000
PALREDTEC,17062,1,1.000000
AARTECH,17145,1,1.000000
CYIENTDLM,17187,1,5.000000
INCREDIBLE,17507,1,1.000000
SENSEXADD,17613,1,1.000000
LTGILTBEES,17700,1,1.000000
ATL,17778,1,1.000000
ICIQ30INAV,17822,1,1.000000
NIFTY1,18102,1,1.000000
DBREALTY,18124,1,1.000000
YASHO,18131,1,10.000000
RATNAVEER,18423,1,1.000000
POWERINDIA,18457,1,500.000000
DIAMINESQ,18644,1,1.000000
MARATHON,18659,1,5.000000
KSL,18889,1,5.000000
VBL,18921,1,5.000000
SUNDARAM,18931,1,1.000000
UNIVASTU,18977,1,1.000000
ITBEES,19084,1,1.000000
SENSEXETF,19224,1,1.000000
IMFA,19235,1,10.000000
MONIFTY500,19237,1,1.000000
MON500INAV,19248,1,1.000000
TERASOFT,19292,1,5.000000
ROSSARI,19410,1,5.000000
ADFFOODS,19761,1,1.000000
ASKAUTOLTD,20152,1,5.000000
LUMAXIND,2018,1,10.000000
ESILVER,20257,1,1.000000
CGCL,20329,1,1.000000
COALINDIA,20374,1,5.000000
WIPL,20481,1,1.000000
BHAGYANGR,20776,1,1.000000
MAHSEAMLES,2088,1,5.000000
FACT,1008,1,5.000000
SCHAEFFLER,1011,1,10.000000
MANXT5INAV,10117,1,1.000000
KAYA,10276,1,1.000000
NGLFINE,10277,1,10.000000
MUTHOOTCAP,10415,1,1.000000
NIFTYBETA,10511,1,1.000000
HDFC50INAV,10584,1,1.000000
SHREEPUSHK,10588,1,5.000000
HDFCNEXT50,10619,1,1.000000
ASAL,10634,1,5.000000
INFRAIETF,10723,1,1.000000
ZENSARTECH,1076,1,5.000000
GRMOVER,10871,1,1.000000
GODREJIND,10925,1,5.000000
STCINDIA,10948,1,1.000000
GARFIBRES,1100,1,5.000000
DANGEE,1110,1,1.000000
SUMIT,11140,1,1.000000
UNIENTER,11293,1,1.000000
LUXIND,11301,1,5.000000
TVSELECT,11265,1,5.000000
SALZERELEC,11399,1,5.000000
XPROINDIA,11407,1,10.000000
LICNETFSEN,11441,1,1.000000
GIPCL,1145,1,1.000000
HDFCSENSEX,11593,1,1.000000
JSWSTEEL,11723,1,10.000000
GOKEX,11778,1,5.000000
IIFL,11809,1,5.000000
SSWL,11829,1,1.000000
63MOONS,11868,1,5.000000
GOLDIAM,11971,1,5.000000
RML,11975,1,5.000000
FIVESTAR,12032,1,5.000000
DOLATALGO,12124,1,1.000000
SWSOLAR,12489,1,1.000000
GUJALKALI,1267,1,5.000000
11NSETEST,12841,1,5.000000
EBB433INAV,13168,1,1.000000
ENIL,13192,1,1.000000
INDOTECH,13275,1,10.000000
VAKRANGEE,13342,1,1.000000
KFINTECH,13359,1,5.000000
ALLCARGO,13501,1,1.000000
AKASH,13510,1,1.000000
VIDHIING,13536,1,5.000000
DCBBANK,13725,1,1.000000
SHYAMTEL,13740,1,1.000000
HCC,1375,1,1.000000
GTLINFRA,13745,1,1.000000
BBL,13761,1,10.000000
RUCHIRA,13821,1,1.000000
AARTIPHARM,13868,1,5.000000
IGPL,14086,1,5.000000
HDFCBSE500,14230,1,1.000000
ORIENTBELL,14278,1,5.000000
OSWALSEEDS,14305,1,1.000000
GOKULAGRO,14480,1,1.000000
NCLIND,14490,1,1.000000
NAGREEKEXP,14702,1,1.000000
HGS,14712,1,5.000000
DLF,14732,1,5.000000
141NSETEST,14781,1,5.000000
161NSETEST,14784,1,5.000000
IFBIND,1485,1,5.000000
IFCI,1491,1,1.000000
SAHYADRI,14900,1,1.000000
MOGSEC,1507,1,1.000000
MADHAV,15151,1,1.000000
ECLERX,15179,1,10.000000
DVL,15214,1,1.000000
RPOWER,15259,1,1.000000
ONMOBILE,15278,1,1.000000
APOLLOHOSP,157,1,50.000000
GMMPFAUDLR,1570,1,5.000000
IONEXCHANG,1630,1,5.000000
BAJAJFINSV,16675,1,10.000000
PTCIL,16682,1,100.000000
HGINFRA,1672,1,5.000000
IVP,1681,1,1.000000
SICAGEN,16875,1,5.000000
DPWIRES,16900,1,1.000000
MAWANASUG,17022,1,1.000000
MIDCAPIETF,17152,1,1.000000
AJMERA,17307,1,1.000000
LLOYDSME,17313,1,10.000000
UTKARSHBNK,17358,1,1.000000
BANKETF,17419,1,1.000000
ASALCBR,17598,1,5.000000
ZYDUSWELL,17635,1,5.000000
SARDAEN,17758,1,5.000000
ORIENTLTD,18208,1,1.000000
LORDSCHLO,18232,1,1.000000
VPRPL,18341,1,1.000000
MASKINVEST,18727,1,1.000000
DIGIDRIVE,21247,1,1.000000
HALEOSLABS,21551,1,10.000000
MEDIASSIST,21705,1,5.000000
EPACK,22463,1,1.000000
GILT5BETA,22521,1,1.000000
CAPITALSFB,22675,1,1.000000
MTNL,2294,1,1.000000
KRYSTAL,23175,1,5.000000
MOSMALL250,23181,1,1.000000
LIQUIDADD,23407,1,1.000000
181NSETEST,23447,1,5.000000
NURECA,2350,1,1.000000
UEL,23507,1,1.000000
GLOSTERLTD,23590,1,5.000000
AADHARHFC,23729,1,5.000000
NAVNETEDUL,2385,1,1.000000
LIQUIDSHRI,24374,1,1.000000
KARMAENG,24385,1,1.000000
ABGSEC,24404,1,1.000000
UNIECOM,24809,1,1.000000
GSEC10ABSL,24847,1,1.000000
GSEC10INAV,24850,1,1.000000
SUYOG,24851,1,5.000000
SILGO,2492,1,1.000000
GLOBALE,24932,1,1.000000
RAYMONDLSL,25073,1,5.000000
EBANKNIFTY,25258,1,1.000000
PGHH,2535,1,50.000000
APLLTD,25328,1,5.000000
VASWANI,25340,1,1.000000
ESSARSHPNG,25634,1,1.000000
RUPA,25724,1,1.000000
BANKPSU,25725,1,1.000000
GROWWDEFNC,25758,1,1.000000
VINCOFE,25835,1,1.000000
HYUNDAI,25844,1,10.000000
ATUL,263,1,50.000000
SEAMECLTD,2616,1,10.000000
PIDILITIND,2664,1,10.000000
TBZ,27037,1,1.000000
LIQUIDPLUS,27075,1,1.000000
PRSMJOHNSN,2739,1,1.000000
VMM,27969,1,1.000000
PCJEWELLER,29124,1,1.000000
MOSCHIP,29459,1,1.000000
NATCAPSUQ,29583,1,1.000000
SAIL,2963,1,1.000000
BAJAJINDEF,29678,1,1.000000
MSCIINDIA,29758,1,1.000000
BSE500IETF,3001,1,1.000000
AXISTECETF,3010,1,1.000000
SIL360INAV,30498,1,1.000000
GRWN50INAV,30540,1,1.000000
SML100INAV,30544,1,1.000000
SHREDIGCEM,3099,1,1.000000
UFBL,3127,1,1.000000
SREEL,31837,1,1.000000
ANGELONE,324,1,1.000000
SURYAROSNI,3375,1,1.000000
ADOR,34,1,5.000000
TATAPOWER,3426,1,5.000000
BANARISUG,350,1,10.000000
TATASTEEL,3499,1,1.000000
MAFANG,3507,1,1.000000
MOKSH,3586,1,1.000000
TATACOMM,3721,1,10.000000
VENKEYS,3757,1,10.000000
WALCHANNAG,3736,1,1.000000
BBTC,380,1,10.000000
WSTCSTPAPR,3799,1,5.000000
ZEEL,3812,1,1.000000
GREENPLY,3987,1,1.000000
BEPL,419,1,1.000000
BHARATFORG,422,1,10.000000
INDIANCARD,4422,1,1.000000
DENORA,4279,1,5.000000
SIGIND,4522,1,1.000000
RAMCOIND,4587,1,1.000000
KOTHARIPET,4594,1,1.000000
SHYAMMETL,4693,1,5.000000
CONCOR,4749,1,5.000000
INDRAMEDCO,4751,1,5.000000
ICICIB22,522,1,1.000000
BPL,530,1,1.000000
MAHAPEXLTD,5239,1,1.000000
GANESHBE,5614,1,1.000000
CEMPRO,5622,1,5.000000
J&KBANK,5633,1,1.000000
BANKNIFTY1,5851,1,1.000000
COASTCORP,6006,1,1.000000
PASUPTAC,6045,1,1.000000
CYBERTECH,6051,1,1.000000
DIGJAMLMTD,6127,1,1.000000
FCL,6198,1,1.000000
DTIL,6227,1,1.000000
MANORG,6422,1,5.000000
SUNCLAY,20956,1,10.000000
FMNL,21017,1,1.000000
TEJASNET,21131,1,5.000000
ERIS,21154,1,10.000000
GTPL,21195,1,1.000000
LOWVOLIETF,21254,1,1.000000
SUMMITSEC,21275,1,10.000000
STEELXIND,21339,1,1.000000
THEINVEST,21427,1,1.000000
OPTIEMUS,21469,1,5.000000
COCHINSHIP,21508,1,10.000000
DIXON,21690,1,50.000000
CAPACITE,21749,1,1.000000
DAVANGERE,21794,1,1.000000
ITIETF,22365,1,1.000000
BLSE,22566,1,1.000000
HDFCPSUBK,22595,1,1.000000
BANDHANBNK,2263,1,1.000000
RKSWAMY,23043,1,1.000000
SMCGLOBAL,2320,1,1.000000
BHARTIHEXA,23489,1,10.000000
TARACHAND,23512,1,1.000000
ASIANPAINT,236,1,10.000000
SYMPHONY,24190,1,5.000000
CONSUMBEES,2435,1,1.000000
SBISILVER,24366,1,1.000000
RELIABLE,24378,1,1.000000
BANSALWIRE,24386,1,1.000000
ADL,245,1,1.000000
FILATEX,24532,1,1.000000
AVANTEL,24610,1,1.000000
ONGC,2475,1,5.000000
ORIENTHOT,2493,1,1.000000
WINDMACHIN,24969,1,1.000000
PANAMAPET,25392,1,1.000000
FLEXITUFF,25512,1,1.000000
SHAKTIPUMP,25574,1,5.000000
SRD,25737,1,1.000000
3PLAND,2595,1,1.000000
MINDACORP,25897,1,5.000000
AVL,25984,1,5.000000
DRCSYSTEMS,2645,1,1.000000
ABINFRA,27020,1,1.000000
RACLGEAR,27171,1,10.000000
SAMPANN,27303,1,1.000000
ROSSTECH,27353,1,5.000000
RSWM,2794,1,1.000000
RAJSREESUG,2809,1,1.000000
ANUHPHR,28314,1,1.000000
CRAFTSMAN,2854,1,50.000000
DAMCAPITAL,28662,1,1.000000
LAXMIDENTL,29171,1,1.000000
SUPREME,29439,1,1.000000
NIBE,29487,1,5.000000
ORIENTELEC,2972,1,1.000000
GROWWN200,29872,1,1.000000
AXISVALUE,30155,1,1.000000
BHARATSE,30244,1,1.000000
MID15INAV,30475,1,1.000000
SCI,3048,1,1.000000
ELM250INAV,30542,1,1.000000
TOP20INAV,30590,1,1.000000
AONE50INAV,30577,1,1.000000
BAJAJHIND,308,1,1.000000
NEXT50INAV,30597,1,1.000000
PILITA,30835,1,1.000000
ORBTEXP,31475,1,1.000000
SUBROS,3324,1,5.000000
ISGEC,3329,1,5.000000
BALKRISIND,335,1,10.000000
SUNFLAG,3348,1,1.000000
TATACONSUM,3432,1,10.000000
BATAINDIA,371,1,5.000000
JUBLPHARMA,3637,1,5.000000
VOLTAS,3718,1,10.000000
ANMOL,3727,1,1.000000
RITES,3761,1,1.000000
WHEELS,3766,1,5.000000
BEML,395,1,10.000000
HBSL,4116,1,1.000000
KHADIM,425,1,1.000000
BHARATGEAR,426,1,1.000000
KEYFINSERV,4157,1,1.000000
5PAISA,445,1,1.000000
ELPROINTL,4471,1,1.000000
SBCL,4656,1,5.000000
GAIL,4717,1,1.000000
SNOWMAN,4843,1,1.000000
BLUEDART,495,1,10.000000
GRINFRA,5054,1,5.000000
SHEMAROO,5068,1,1.000000
BOMDYEING,513,1,1.000000
UTIAMC,527,1,5.000000
NUVOCO,5426,1,5.000000
APTUS,5435,1,1.000000
PAR,5631,1,1.000000
PARAS,5911,1,5.000000
BHAGCHEM,6164,1,1.000000
HEALTHY,6297,1,1.000000
DNAMEDIA,641,1,1.000000
NIFTYETF,6353,1,1.000000
IRIS,6489,1,1.000000
SIGACHI,6663,1,1.000000
SHRADHA,708,1,1.000000
MAPMYINDIA,7227,1,5.000000
STAR,7374,1,5.000000
HPAL,7376,1,1.000000
MIDQ50ADD,7456,1,1.000000
NRBBEARING,7553,1,1.000000
AONENIFTY,757096,1,1.000000
MOPSE,757431,1,1.000000
SCODATUBES,757478,1,1.000000
TRAVELFOOD,757545,1,10.000000
ARIS,757614,1,1.000000
EBGNG,757862,1,5.000000
BELLACASA,757938,1,1.000000
PASHUPATI,757955,1,5.000000
QUALITY30,757946,1,1.000000
JSLL,758115,1,5.000000
CHEMBONDCH,757989,1,1.000000
INNOVACAP,21062,1,5.000000
SURANASOL,21077,1,1.000000
MAGADSUGAR,21392,1,5.000000
INDTERRAIN,21957,1,1.000000
EBBETF0431,22239,1,1.000000
TOTAL,22423,1,1.000000
HEALTHADD,22592,1,1.000000
PFS,22602,1,1.000000
JUNIPER,22824,1,1.000000
GPTHEALTH,22846,1,1.000000
MUNJALSHOW,2307,1,1.000000
HEIDELBERG,2316,1,1.000000
MOS250INAV,23188,1,1.000000
171NSETEST,23446,1,5.000000
MIDSMALL,23855,1,1.000000
NEULANDLAB,2406,1,100.000000
TOP100CASE,24081,1,1.000000
PIIND,24184,1,10.000000
IVZINNIFTY,24217,1,1.000000
RAILTEL,2431,1,1.000000
VRAJ,24321,1,1.000000
EMCURE,24398,1,10.000000
SBINEQWETF,24524,1,1.000000
MIDHANI,2463,1,5.000000
ELGIRUBCO,24924,1,1.000000
ECOSMOBLTY,25060,1,1.000000
GALAPREC,25134,1,5.000000
OSWALAGRO,2514,1,1.000000
SANOFICONR,25222,1,10.000000
XTGLOBAL,25235,1,1.000000
TOLINS,25262,1,1.000000
PNGJL,25312,1,5.000000
WCIL,25403,1,1.000000
TRITURBINE,25584,1,5.000000
EMULTIMQ,25996,1,1.000000
POLYPLEX,2687,1,5.000000
SAGILITY,27052,1,1.000000
KPEL,27079,1,1.000000
MTARTECH,2709,1,10.000000
PRECWIRE,2717,1,5.000000
SPECIALITY,27107,1,1.000000
EASEMYTRIP,2792,1,1.000000
MOBIKWIK,28046,1,1.000000
IKS,28125,1,10.000000
ANURAS,2829,1,10.000000
SANATHAN,28805,1,5.000000
CARRARO,28879,1,5.000000
CONSUMER,28969,1,1.000000
ECAPINSURE,29019,1,1.000000
ZUARI,29050,1,1.000000
AGARWALEYE,29452,1,5.000000
NIFTYIETF,29553,1,1.000000
SANDESH,2988,1,5.000000
JUSTDIAL,29962,1,5.000000
ORIENTCEM,30089,1,1.000000
SOTL,3021,1,5.000000
NIF100IETF,30392,1,1.000000
SNXT30INAV,30519,1,1.000000
MOME30INAV,30552,1,1.000000
DBSTOCKBRO,31107,1,1.000000
RHIM,31163,1,5.000000
TRANSWORLD,3129,1,1.000000
NDL,31258,1,1.000000
LYPSAGEMS,31468,1,1.000000
SIMPLEXINF,3162,1,1.000000
SKFINDIA,3186,1,10.000000
JPOLYINVST,31507,1,10.000000
VALIANTORG,330,1,1.000000
AJOONI,3403,1,1.000000
THERMAX,3475,1,10.000000
TORNTPHARM,3518,1,10.000000
UNIVCABLES,3607,1,5.000000
HEALTHIETF,3626,1,1.000000
VSTIND,3724,1,1.000000
WEIZMANIND,3748,1,1.000000
BEL,383,1,5.000000
WILLAMAGOR,3772,1,1.000000
KHAITANLTD,3912,1,1.000000
21STCENMGM,4,1,1.000000
NIACL,399,1,1.000000
REMSONSIND,3965,1,1.000000
MARICO,4067,1,5.000000
ZENITHEXPO,4176,1,1.000000
SENSEXIETF,4378,1,1.000000
MIRZAINT,4394,1,1.000000
REGENCERAM,4130,1,1.000000
MPHASIS,4503,1,10.000000
BANKBARODA,4668,1,1.000000
SKMEGGPROD,4732,1,1.000000
ATLASCYCLE,4568,1,1.000000
BIRLACABLE,477,1,1.000000
HAPPSTMNDS,48,1,5.000000
FDC,4898,1,5.000000
ETERNAL,5097,1,1.000000
SGIL,5114,1,5.000000
PRITIKAUTO,5292,1,1.000000
KRSNAA,5359,1,5.000000
BRITANNIA,547,1,50.000000
YUKEN,5501,1,5.000000
CANFINHOME,583,1,5.000000
GRAPHITE,592,1,5.000000
LICNETFGSC,6062,1,1.000000
PANSARI,6141,1,5.000000
ABREL,625,1,10.000000
APOLSINHOT,6302,1,5.000000
MOLDTKPAC,6713,1,5.000000
CHOLAFIN,685,1,10.000000
VISHNU,6908,1,5.000000
LINC,6951,1,1.000000
BSOFT,6994,1,5.000000
METROBRAND,7242,1,5.000000
NPST,756324,1,5.000000
CRISIL,757,1,10.000000
ATHERENERG,757645,1,5.000000
MOGOLD,757791,1,5.000000
INDIQUBE,757845,1,1.000000
ANTHEM,757885,1,5.000000
KINGFA,18944,1,10.000000
MANAPPURAM,19061,1,5.000000
ROLLT,19104,1,1.000000
VALIANTLAB,19218,1,1.000000
BLISSGVS,19265,1,1.000000
THEJO,19279,1,10.000000
ARVIND,193,1,5.000000
SPCENET,19372,1,1.000000
IITL,19525,1,1.000000
BHANDARI,19556,1,1.000000
MAXESTATES,19646,1,5.000000
LGHL,19876,1,1.000000
EGOLD,19933,1,5.000000
GREENPOWER,20110,1,1.000000
URJA,20203,1,1.000000
IRFC,2029,1,1.000000
FEDFINA,20322,1,1.000000
FLAIR,20372,1,5.000000
HUDCO,20825,1,1.000000
MAHSCOOTER,2085,1,100.000000
KIRLOSENG,20936,1,10.000000
RKDL,20950,1,1.000000
STOVEKRAFT,2107,1,5.000000
MARALOVER,2112,1,1.000000
AXISNIFTY,21252,1,1.000000
JYOTICNC,21334,1,5.000000
PALASHSECU,21383,1,1.000000
TATAGOLD,21401,1,1.000000
CHOLAHLDNG,21740,1,10.000000
AKG,2176,1,1.000000
SBILIFE,21808,1,10.000000
BOSCHLTD,2181,1,500.000000
TEXRAIL,21828,1,1.000000
DIAMONDYD,21840,1,10.000000
GENCON,2188,1,1.000000
WORTHPERI,22277,1,1.000000
ALPL30IETF,22344,1,1.000000
NOVAAGRI,22477,1,1.000000
PENINLAND,2256,1,1.000000
GILT10BETA,22524,1,1.000000
RPTECH,22670,1,5.000000
ENTERO,22717,1,10.000000
IRISDOREME,2275,1,1.000000
LICNMID100,22722,1,1.000000
EXICOM,22947,1,1.000000
CPSEETF,2328,1,1.000000
BALUFORGE,23607,1,5.000000
BSLGOLDETF,23804,1,1.000000
SANDHAR,2397,1,5.000000
BOROSCI,24014,1,1.000000
IXIGO,24067,1,1.000000
VADILALIND,24196,1,10.000000
VSTTILLERS,24292,1,10.000000
SANSTAR,24582,1,1.000000
RELTD,24596,1,1.000000
FIRSTCRY,24814,1,1.000000
MANCREDIT,24823,1,1.000000
INVENTURE,24870,1,1.000000
INTERARCH,24909,1,10.000000
MULTICAP,25080,1,1.000000
TDPOWERSYS,25178,1,5.000000
GROWWLIQID,25447,1,1.000000
PAISALO,25468,1,1.000000
LICMFGOLD,25640,1,5.000000
GARUDA,25800,1,1.000000
LLOYDSENT,25807,1,1.000000
OCCLLTD,25918,1,1.000000
AMJLAND,2598,1,1.000000
BUTTERFLY,2716,1,5.000000
EIEL,27213,1,1.000000
RTNINDIA,27297,1,1.000000
RALLIS,2816,1,1.000000
RAYMOND,2859,1,5.000000
HITECH,2868,1,1.000000
CEWATER,28764,1,5.000000
VENTIVE,28847,1,5.000000
INDOFARM,29025,1,1.000000
RIIL,2912,1,5.000000
ONESOURCE,29224,1,10.000000
JUBLCPL,29590,1,10.000000
SURYODAY,2970,1,1.000000
UNIONGOLD,29687,1,5.000000
SBIBPB,30290,1,1.000000
BAJAJHLDNG,305,1,50.000000
SBI150INAV,30619,1,1.000000
BAJFINANCE,317,1,5.000000
COMPUSOFT,31138,1,1.000000
NITIRAJ,3247,1,1.000000
SPMLINFRA,3321,1,1.000000
SUNDARMFIN,3339,1,10.000000
TAINWALCHM,3396,1,1.000000
BBOX,3435,1,5.000000
BANARBEADS,347,1,1.000000
THOMASCOOK,3481,1,1.000000
TIRUMALCHM,3496,1,1.000000
TNTELE,3512,1,1.000000
TTKPRESTIG,3546,1,5.000000
ROML,359,1,1.000000
AXISHCETF,3608,1,1.000000
GLOBE,393,1,1.000000
TOKYOPLAST,3837,1,1.000000
CORALFINAC,4007,1,1.000000
PVP,4010,1,1.000000
PANACEABIO,4055,1,5.000000
IFGLEXPOR,436,1,1.000000
PUNJABCHEM,4344,1,5.000000
BIOFILCHEM,4136,1,1.000000
NORBTEAEXP,4160,1,1.000000
ALKYLAMINE,4487,1,10.000000
CREDITACC,4421,1,10.000000
BOSCH-HCIL,4491,1,10.000000
3MINDIA,474,1,500.000000
HERITGFOOD,4598,1,5.000000
SONACOMS,4684,1,5.000000
INDNIPPON,4747,1,5.000000
TCIFINANCE,4771,1,1.000000
ADROITINFO,4953,1,1.000000
GANGAFORGE,4957,1,1.000000
CLEAN,5049,1,5.000000
AAREYDRUGS,5245,1,1.000000
KOTHARIPRO,5528,1,1.000000
ASTRAZEN,5610,1,50.000000
ARCHIES,5688,1,1.000000
CARBORUNIV,595,1,5.000000
BSLSENETFG,5957,1,1.000000
EIFFL,6040,1,1.000000
SIKKO,6218,1,1.000000
CHAMBLFERT,637,1,5.000000
GULPOLY,6286,1,1.000000
TECHNOE,6445,1,5.000000
POLICYBZR,6656,1,10.000000
IVC,6711,1,1.000000
FOCUS,6836,1,1.000000
CIPLA,694,1,10.000000
HESTERBIO,7048,1,10.000000
SETFNN50,7353,1,1.000000
COSMOFIRST,742,1,5.000000
SETFNIFBK,7361,1,1.000000
HECPROJECT,7425,1,1.000000
TREJHARA,7518,1,1.000000
EVIETF,755881,1,1.000000
GROWWSLVR,756827,1,1.000000
THELEELA,757014,1,5.000000
RAJOOENG,757049,1,1.000000
DIGITIDE,757515,1,1.000000
BLUSPRING,757520,1,1.000000
RAYMONDREL,758551,1,5.000000
ELLEN,758563,1,1.000000
EFCIL,758675,1,1.000000
SGFIN,758853,1,5.000000
AMANTA,758909,1,1.000000
VIKRAN,758973,1,1.000000
ATLANTAELE,759007,1,10.000000
SAATVIKGL,759057,1,5.000000
TATACAP,759265,1,5.000000
SOLEX,759397,1,5.000000
PIRAMALFIN,759551,1,10.000000
ENERGY,759780,1,1.000000
TMCV,759782,1,5.000000
PINELABS,759820,1,1.000000
SHILCTECH,759847,1,10.000000
UTLSOLAR,759876,1,1.000000
MOSERVICE,760001,1,1.000000
GROWWCAPM,760051,1,1.000000
JAYKAY,760073,1,1.000000
GAUDIUMIVF,760178,1,1.000000
GOLDBND,760325,1,1.000000
SILVERBND,760328,1,1.000000
KNAGRI,760923,1,1.000000
MARSONS,761386,1,1.000000
SINGERIND,761420,1,1.000000
TCC,761814,1,5.000000
COCKERILL,762623,1,5.000000
BEEKAY,762573,1,5.000000
DISAQ,762643,1,5.000000
GRANDOAK,762695,1,5.000000
GRAVISSHO,762700,1,5.000000
NILE,762817,1,5.000000
RSDFIN,762869,1,5.000000
SONAL,762919,1,5.000000
TECHNVISN,762939,1,5.000000
THAKDEV,762949,1,5.000000
KEEPLEARN,778,1,1.000000
WEL,7835,1,1.000000
SHIVATEX,804,1,1.000000
DALBHARAT,8075,1,10.000000
MEGASTAR,8153,1,5.000000
MANYAVAR,8167,1,5.000000
MITCON,8469,1,1.000000
TVSMOTOR,8479,1,10.000000
UMIYA-MRO,8998,1,1.000000
NOVARTIND,9007,1,5.000000
UFO,9039,1,1.000000
ROTO,9049,1,1.000000
ARVINDFASN,9111,1,5.000000
BALAJITELE,9158,1,1.000000
EIDPARRY,916,1,5.000000
STLTECH,9309,1,1.000000
RVNL,9552,1,1.000000
AVADHSUGAR,21406,1,5.000000
TATSILV,21428,1,1.000000
ABCAPITAL,21614,1,5.000000
DCAL,21704,1,1.000000
MATRIMONY,21726,1,5.000000
TSFINV,2183,1,5.000000
IEX,220,1,1.000000
MODTHREAD,2241,1,1.000000
MAXIND,22428,1,1.000000
HDFCNIFBAN,22433,1,1.000000
MON100,22739,1,1.000000
SMALLCAP,22832,1,1.000000
HAL,2303,1,10.000000
JGCHEM,23056,1,5.000000
AIIL,23553,1,5.000000
TBOTEK,23740,1,10.000000
NILKAMAL,2421,1,10.000000
OMINFRAL,24231,1,1.000000
ABDL,24308,1,5.000000
ASHIANA,24403,1,5.000000
RUSHIL,24595,1,1.000000
AKUMS,24715,1,5.000000
ONWARDTEC,2481,1,1.000000
BSLNIFTY,24781,1,1.000000
MODEFENCE,24944,1,1.000000
STYLEBAAZA,25114,1,5.000000
TOP10ADD,25171,1,1.000000
BALAJEE,25203,1,1.000000
KROSS,25252,1,1.000000
PGEL,25358,1,5.000000
INDOTHAI,25608,1,5.000000
PEARLPOLY,2610,1,1.000000
AFCONS,25977,1,5.000000
HERANBA,2614,1,1.000000
PRAJIND,2705,1,5.000000
SWANCORP,27095,1,5.000000
NIVABUPA,27097,1,1.000000
AUROPHARMA,275,1,10.000000
SURAKSHA,27334,1,1.000000
SAILIFE,27839,1,5.000000
ARVEE,2814,1,1.000000
RANASUG,2837,1,1.000000
KITEX,28899,1,1.000000
KALYANKJIL,2955,1,5.000000
SELECTIPO,30109,1,1.000000
SAURASHCEM,3018,1,1.000000
TIINDIA,312,1,10.000000
SHREYANIND,3126,1,1.000000
SIEMENS,3150,1,10.000000
SPIC,3252,1,1.000000
TEMBO,3275,1,5.000000
STARPAPER,3291,1,1.000000
DEEPINDS,3292,1,5.000000
MODISONLTD,3316,1,1.000000
SUNDRMFAST,3345,1,5.000000
SUNPHARMA,3351,1,10.000000
UNITECH,3594,1,1.000000
BASF,368,1,10.000000
SOLARA,3672,1,5.000000
SINTERCOM,381,1,1.000000
NAVA,4014,1,5.000000
SILINV,4105,1,5.000000
MOTHERSON,4204,1,1.000000
WENDT,4235,1,50.000000
AARTIDRUGS,4481,1,5.000000
IPL,4934,1,1.000000
PHARMABEES,4973,1,1.000000
SBIETFCON,5168,1,1.000000
STYLAMIND,5186,1,10.000000
ANTGRAPHIC,5194,1,1.000000
GMDCLTD,5204,1,5.000000
INDUSINDBK,5258,1,5.000000
PDSL,5264,1,5.000000
TRIGYN,5428,1,1.000000
SHANTI,5650,1,1.000000
MASPTOP50,5782,1,1.000000
LAGNAM,5865,1,1.000000
ATGL,6066,1,5.000000
CENTENKA,619,1,5.000000
3IINFOLTD,6232,1,1.000000
LAMBODHARA,6407,1,1.000000
KRITI,6417,1,1.000000
CONSUMIETF,6446,1,1.000000
TECH,6462,1,1.000000
ABCOTS,759130,1,5.000000
URBANCO,759084,1,1.000000
NIFTYCASE,759302,1,1.000000
FLEXIADD,759368,1,1.000000
GROWWRLTY,759428,1,1.000000
GROWWNXT50,759458,1,1.000000
GROWWMC150,759719,1,1.000000
AONESILVER,760193,1,1.000000
CMSINFO,7603,1,5.000000
PARKHOSPS,760351,1,1.000000
GROWWMETAL,760438,1,1.000000
NEXT50ETF,760709,1,1.000000
AYE,760981,1,1.000000
INFRA,761030,1,1.000000
SBINMID150,761741,1,1.000000
ABMKNO,762528,1,5.000000
ASHIKA,762548,1,5.000000
BIRLAPREC,762593,1,5.000000
DECNGOLD,762638,1,5.000000
ELCIDIN,762658,1,5.000000
KIRANVYPAR,762742,1,5.000000
KPL,762757,1,5.000000
SCANSTL,762884,1,5.000000
TAALTECH,762929,1,5.000000
IMAGICAA,7672,1,1.000000
SILVERIETF,7942,1,1.000000
MAKEINDIA,7979,1,1.000000
SILVER,8003,1,1.000000
SILVERBEES,8080,1,1.000000
AJANTPHARM,8124,1,10.000000
GSEC5IETF,8342,1,1.000000
MIDCAPETF,8413,1,1.000000
XELPMOC,8477,1,1.000000
MOLOWVOL,8654,1,1.000000
DRREDDY,881,1,10.000000
CHOICEIN,8866,1,5.000000
RITCO,8944,1,1.000000
PIXTRANS,9087,1,10.000000
SNXT50BETA,9168,1,1.000000
SUBEXLTD,967,1,1.000000
RELCHEMQ,9652,1,1.000000
NV20BEES,9847,1,1.000000
SMARTLINK,9889,1,1.000000
EQUAL50ADD,6606,1,1.000000
MENONBE,6961,1,1.000000
AARTIIND,7,1,5.000000
HCLTECH,7229,1,10.000000
ABSLNN50ET,7339,1,1.000000
NILASPACES,7411,1,1.000000
MONQ50,7422,1,1.000000
WOCKPHARMA,7506,1,10.000000
ZENTEC,7508,1,10.000000
GROWWMOM50,756086,1,1.000000
KRISHIVAL,756782,1,5.000000
MOTOUR,757443,1,1.000000
SNXT30BEES,757455,1,1.000000
LIQGRWBEES,757725,1,1.000000
GROWWNET,757814,1,1.000000
MBEL,758150,1,1.000000
ALLTIME,758448,1,1.000000
JSWCEMENT,758460,1,1.000000
GLOBECIVIL,758572,1,1.000000
INTERNET,758595,1,1.000000
LAXMIINDIA,758863,1,1.000000
GCSL,758986,1,5.000000
HILINFRA,759103,1,1.000000
SYSTMTXC,759355,1,1.000000
ELIQUID,759466,1,1.000000
MOIPO,759891,1,1.000000
JARO,759951,1,5.000000
ARSSBL,759956,1,5.000000
MOMNC,760054,1,1.000000
MIDCAPADD,760356,1,1.000000
DIVIDEND,760412,1,1.000000
BUILDPRO,760594,1,5.000000
HALDER,760715,1,1.000000
GROWWHOSPI,760874,1,1.000000
KWIL,760946,1,1.000000
GROWWPSE,760976,1,1.000000
GICL,761025,1,1.000000
SBIMIDMOM,761095,1,1.000000
ALGOQUANT,761270,1,1.000000
HSBCGOLD,761506,1,1.000000
INNOVISION,761528,1,5.000000
EMPOWER,762670,1,5.000000
HBESD,762712,1,5.000000
LAHOTIOV,762762,1,5.000000
PREMCO,762849,1,5.000000
SHBAJRG,762899,1,5.000000
SHINDL,762904,1,5.000000
WELSPLSOL,762971,1,5.000000
DABUR,772,1,5.000000
ZYDUSLIFE,7929,1,5.000000
CINEVISTA,8024,1,1.000000
MAHLIFE,8050,1,5.000000
CROWN,8083,1,1.000000
DCW,817,1,1.000000
SPENCERS,8163,1,1.000000
CALSOFT,8341,1,1.000000
ELECTCAST,928,1,1.000000
ELGIEQUIP,937,1,5.000000
TRU,9378,1,1.000000
VENUSPIPES,9592,1,5.000000
DELHIVERY,9599,1,5.000000
TRIDENT,9685,1,1.000000
PARADEEP,9741,1,1.000000
ONEPOINT,9939,1,1.000000
MEIL,758748,1,1.000000
SML100CASE,758955,1,1.000000
AHCL,758968,1,1.000000
EPACKPEB,759251,1,1.000000
BLUESTONE,759291,1,5.000000
MOMENTUM30,759488,1,1.000000
MIDWESTLTD,759517,1,10.000000
ORKLAINDIA,759569,1,5.000000
STYL,759934,1,1.000000
ESENSEX,759995,1,1.000000
SRTL,760188,1,1.000000
LGEINDIA,760213,1,10.000000
PNGSREVA,760242,1,5.000000
LEMERITE,760300,1,5.000000
MODINATUR,760277,1,5.000000
GKSL,761197,1,1.000000
RSL,761439,1,1.000000
BCPL,761494,1,1.000000
NIMBSPROJ,761720,1,1.000000
3BBLACKBIO,762518,1,5.000000
BI,762583,1,5.000000
BLIL,762603,1,5.000000
KAMAHOLD,762732,1,5.000000
MAJESAUT,762777,1,5.000000
NEAGI,762812,1,5.000000
QUINT,762854,1,5.000000
RAJPALAYAM,762859,1,5.000000
SHRIKRISH,762909,1,5.000000
SURYALA,762924,1,5.000000
WPIL,762978,1,5.000000
MONARCH,7679,1,1.000000
BCONCEPTS,7780,1,1.000000
DALMIASUG,781,1,5.000000
AUTOIETF,7844,1,1.000000
AUTOBEES,7880,1,1.000000
MHLXMIRU,7886,1,1.000000
AWL,8110,1,1.000000
MID150BEES,8506,1,1.000000
GATEWAY,8510,1,1.000000
INDOBORAX,8614,1,1.000000
EICHERMOT,910,1,50.000000
EQUITASBNK,913,1,1.000000
KRITIKA,9288,1,1.000000
AXISCADES,9436,1,10.000000
SAKAR,9539,1,5.000000
POLYCAB,9590,1,50.000000
EMUDHRA,9756,1,5.000000
EUROTEXIND,999,1,1.000000
ESCORTS,958,1,10.000000
KPITTECH,9683,1,5.000000
EVERESTIND,993,1,5.000000
NEOGEN,9917,1,10.000000
SJS,6643,1,10.000000
FOODSIN,6673,1,1.000000
NIPPOBATRY,6782,1,5.000000
GANECOS,6944,1,5.000000
GOCOLORS,6964,1,1.000000
MAHKTECH,7074,1,1.000000
TEGA,7105,1,10.000000
JMA,7109,1,1.000000
COROMANDEL,739,1,10.000000
SUPRIYA,7390,1,5.000000
ALPHA,7412,1,1.000000
MANAKCOAT,7413,1,1.000000
NIFTYADD,7451,1,1.000000
PRIMO,756925,1,1.000000
MOINFRA,757031,1,1.000000
AEGISVOPAK,757336,1,1.000000
HDBFS,757772,1,5.000000
EUROBOND,757953,1,1.000000
GROWWPOWER,758165,1,1.000000
MANUFGBEES,758667,1,1.000000
ELM250,758952,1,1.000000
TRUALT,759210,1,5.000000
BMWVENTLTD,759256,1,1.000000
RUBICON,759316,1,5.000000
PACEDIGITK,759342,1,1.000000
WEWORK,759434,1,5.000000
VIKRAMSOLR,759453,1,1.000000
CANHLIFE,759477,1,1.000000
PWL,759723,1,1.000000
MODIS,759752,1,5.000000
SMALL250,759814,1,1.000000
SOLARWORLD,759929,1,1.000000
GLOTTIS,760116,1,1.000000
MARKOLINES,760204,1,1.000000
CLEANMAX,760183,1,5.000000
KSHINTL,760433,1,5.000000
DEFENCE,761046,1,1.000000
ABSLMSCIN,761066,1,1.000000
INA,761099,1,1.000000
KRISHNADEF,761192,1,5.000000
BANK10ADD,761364,1,1.000000
SHADOWFAX,761469,1,1.000000
VALUE,761511,1,1.000000
GROWWPSUBK,761514,1,1.000000
AARNAV,761821,1,1.000000
GSPCROP,762239,1,5.000000
BNALTD,762613,1,5.000000
COMFINTE,762628,1,5.000000
SHREERAMA,7627,1,1.000000
MADHAVIPL,762767,1,5.000000
NATIONSTD,762807,1,5.000000
PIONRINV,762829,1,5.000000
PRADPME,762839,1,5.000000
SEIL,762889,1,5.000000
ALEMBICLTD,79,1,1.000000
AVANTIFEED,7936,1,10.000000
MALLCOM,7965,1,5.000000
BSHSL,809,1,1.000000
DEVIT,8146,1,1.000000
BLUESTARCO,8311,1,10.000000
DHAMPURSUG,857,1,1.000000
PRIVISCL,8825,1,10.000000
AVROIND,8827,1,1.000000
USHAMART,8840,1,5.000000
KHAICHEM,896,1,1.000000
TNIDETF,8882,1,1.000000
HARIOMPIPE,8968,1,5.000000
INDOAMIN,9116,1,1.000000
TPLPLASTEH,9219,1,1.000000
CAMPUS,9362,1,1.000000
CREATIVEYE,9384,1,1.000000
METROPOLIS,9581,1,5.000000
MEDICO,9667,1,1.000000
